STRUCTURE,STRUCTURE_ID,STRUCTURE_NAME,ACTION,REF_AREA,,MEASURE,,UNIT_MEASURE,,SEX,,AGE,,TIME_HORIZ,,TIME_PERIOD,,OBS_VALUE,,OBS_STATUS,,UNIT_MULT,,DECIMALS,
DATAFLOW,OECD.ELS.SAE:DSD_POPULATION@DF_POP_HIST(1.0),,I,AUS,,POP,,PS,,_T,,Y20T24,,H,,2024,,1789488,,A,,0,,0,
DATAFLOW,OECD.ELS.SAE:DSD_POPULATION@DF_POP_HIST(1.0),,I,AUS,,POP,,PS,,_T,,Y_LE4,,H,,2024,,1508794,,A,,0,,0,
DATAFLOW,OECD.ELS.SAE:DSD_POPULATION@DF_POP_HIST(1.0),,I,AUS,,POP,,PS,,_T,,Y5T9,,H,,2024,,1610979,,A,,0,,0,
DATAFLOW,OECD.ELS.SAE:DSD_POPULATION@DF_POP_HIST(1.0),,I,AUS,,POP,,PS,,_T,,Y40T44,,H,,2024,,1852045,,A,,0,,0,
DATAFLOW,OECD.ELS.SAE:DSD_POPULATION@DF_POP_HIST(1.0),,I,AUS,,POP,,PS,,_T,,Y55T59,,H,,2024,,1533233,,A,,0,,0,
DATAFLOW,OECD.ELS.SAE:DSD_POPULATION@DF_POP_HIST(1.0),,I,AUS,,POP,,PS,,_T,,Y25T29,,H,,2024,,1995918,,A,,0,,0,
DATAFLOW,OECD.ELS.SAE:DSD_POPULATION@DF_POP_HIST(1.0),,I,AUS,,POP,,PS,,_T,,Y15T64,,H,,2024,,17710165,,A,,0,,0,
DATAFLOW,OECD.ELS.SAE:DSD_POPULATION@DF_POP_HIST(1.0),,I,AUS,,POP,,PS,,_T,,Y_GE65,,H,,2024,,4700358,,A,,0,,0,
DATAFLOW,OECD.ELS.SAE:DSD_POPULATION@DF_POP_HIST(1.0),,I,AUS,,POP,,PS,,_T,,Y10T14,,H,,2024,,1674513,,A,,0,,0,
DATAFLOW,OECD.ELS.SAE:DSD_POPULATION@DF_POP_HIST(1.0),,I,AUS,,POP,,PS,,_T,,Y75T79,,H,,2024,,973142,,A,,0,,0,
DATAFLOW,OECD.ELS.SAE:DSD_POPULATION@DF_POP_HIST(1.0),,I,AUS,,POP,,PS,,_T,,Y20T64,,H,,2024,,16047279,,A,,0,,0,
DATAFLOW,OECD.ELS.SAE:DSD_POPULATION@DF_POP_HIST(1.0),,I,AUS,,POP,,PS,,_T,,Y45T49,,H,,2024,,1628109,,A,,0,,0,
DATAFLOW,OECD.ELS.SAE:DSD_POPULATION@DF_POP_HIST(1.0),,I,AUS,,POP,,PS,,_T,,Y50T54,,H,,2024,,1690217,,A,,0,,0,
DATAFLOW,OECD.ELS.SAE:DSD_POPULATION@DF_POP_HIST(1.0),,I,AUS,,POP,,PS,,_T,,Y35T39,,H,,2024,,1984649,,A,,0,,0,
DATAFLOW,OECD.ELS.SAE:DSD_POPULATION@DF_POP_HIST(1.0),,I,AUS,,POP,,PS,,_T,,Y15T19,,H,,2024,,1662886,,A,,0,,0,
DATAFLOW,OECD.ELS.SAE:DSD_POPULATION@DF_POP_HIST(1.0),,I,AUS,,POP,,PS,,_T,,_T,,H,,2024,,27204809,,A,,0,,0,
DATAFLOW,OECD.ELS.SAE:DSD_POPULATION@DF_POP_HIST(1.0),,I,AUS,,POP,,PS,,_T,,Y_LT20,,H,,2024,,6457172,,A,,0,,0,
DATAFLOW,OECD.ELS.SAE:DSD_POPULATION@DF_POP_HIST(1.0),,I,AUS,,POP,,PS,,_T,,Y80T84,,H,,2024,,612036,,A,,0,,0,
DATAFLOW,OECD.ELS.SAE:DSD_POPULATION@DF_POP_HIST(1.0),,I,AUS,,POP,,PS,,_T,,Y_GE85,,H,,2024,,581511,,A,,0,,0,
DATAFLOW,OECD.ELS.SAE:DSD_POPULATION@DF_POP_HIST(1.0),,I,AUS,,POP,,PS,,_T,,Y_GE50,,H,,2024,,9458223,,A,,0,,0,
DATAFLOW,OECD.ELS.SAE:DSD_POPULATION@DF_POP_HIST(1.0),,I,AUS,,POP,,PS,,_T,,Y65T69,,H,,2024,,1359562,,A,,0,,0,
DATAFLOW,OECD.ELS.SAE:DSD_POPULATION@DF_POP_HIST(1.0),,I,AUS,,POP,,PS,,_T,,Y30T34,,H,,2024,,2039205,,A,,0,,0,
DATAFLOW,OECD.ELS.SAE:DSD_POPULATION@DF_POP_HIST(1.0),,I,AUS,,POP,,PS,,_T,,Y70T74,,H,,2024,,1174107,,A,,0,,0,
DATAFLOW,OECD.ELS.SAE:DSD_POPULATION@DF_POP_HIST(1.0),,I,AUT,,POP,,PS,,_T,,Y10T14,,H,,2024,,440389,,A,,0,,0,
DATAFLOW,OECD.ELS.SAE:DSD_POPULATION@DF_POP_HIST(1.0),,I,AUT,,POP,,PS,,_T,,Y20T64,,H,,2024,,5569256,,A,,0,,0,
DATAFLOW,OECD.ELS.SAE:DSD_POPULATION@DF_POP_HIST(1.0),,I,AUT,,POP,,PS,,_T,,Y70T74,,H,,2024,,414265,,A,,0,,0,
DATAFLOW,OECD.ELS.SAE:DSD_POPULATION@DF_POP_HIST(1.0),,I,AUT,,POP,,PS,,_T,,_T,,H,,2024,,9174908,,A,,0,,0,
DATAFLOW,OECD.ELS.SAE:DSD_POPULATION@DF_POP_HIST(1.0),,I,AUT,,POP,,PS,,_T,,Y25T29,,H,,2024,,581582,,A,,0,,0,
DATAFLOW,OECD.ELS.SAE:DSD_POPULATION@DF_POP_HIST(1.0),,I,AUT,,POP,,PS,,_T,,Y5T9,,H,,2024,,455615,,A,,0,,0,
DATAFLOW,OECD.ELS.SAE:DSD_POPULATION@DF_POP_HIST(1.0),,I,AUT,,POP,,PS,,_T,,Y60T64,,H,,2024,,663014,,A,,0,,0,
DATAFLOW,OECD.ELS.SAE:DSD_POPULATION@DF_POP_HIST(1.0),,I,AUT,,POP,,PS,,_T,,Y80T84,,H,,2024,,312188,,A,,0,,0,
DATAFLOW,OECD.ELS.SAE:DSD_POPULATION@DF_POP_HIST(1.0),,I,AUT,,POP,,PS,,_T,,Y45T49,,H,,2024,,580860,,A,,0,,0,
DATAFLOW,OECD.ELS.SAE:DSD_POPULATION@DF_POP_HIST(1.0),,I,AUT,,POP,,PS,,_T,,Y_LT20,,H,,2024,,1764808,,A,,0,,0,
DATAFLOW,OECD.ELS.SAE:DSD_POPULATION@DF_POP_HIST(1.0),,I,AUT,,POP,,PS,,_T,,Y75T79,,H,,2024,,343065,,A,,0,,0,
DATAFLOW,OECD.ELS.SAE:DSD_POPULATION@DF_POP_HIST(1.0),,I,AUT,,POP,,PS,,_T,,Y40T44,,H,,2024,,624987,,A,,0,,0,
DATAFLOW,OECD.ELS.SAE:DSD_POPULATION@DF_POP_HIST(1.0),,I,AUT,,POP,,PS,,_T,,Y_GE50,,H,,2024,,3853593,,A,,0,,0,
DATAFLOW,OECD.ELS.SAE:DSD_POPULATION@DF_POP_HIST(1.0),,I,AUT,,POP,,PS,,_T,,Y35T39,,H,,2024,,632606,,A,,0,,0,
DATAFLOW,OECD.ELS.SAE:DSD_POPULATION@DF_POP_HIST(1.0),,I,AUT,,POP,,PS,,_T,,Y15T64,,H,,2024,,6017297,,A,,0,,0,
DATAFLOW,OECD.ELS.SAE:DSD_POPULATION@DF_POP_HIST(1.0),,I,AUT,,POP,,PS,,_T,,Y55T59,,H,,2024,,711168,,A,,0,,0,
DATAFLOW,OECD.ELS.SAE:DSD_POPULATION@DF_POP_HIST(1.0),,I,AUT,,POP,,PS,,_T,,Y30T34,,H,,2024,,638791,,A,,0,,0,
DATAFLOW,OECD.ELS.SAE:DSD_POPULATION@DF_POP_HIST(1.0),,I,AUT,,POP,,PS,,_T,,Y_GE65,,H,,2024,,1840844,,A,,0,,0,
DATAFLOW,OECD.ELS.SAE:DSD_POPULATION@DF_POP_HIST(1.0),,I,AUT,,POP,,PS,,_T,,Y65T69,,H,,2024,,531218,,A,,0,,0,
DATAFLOW,OECD.ELS.SAE:DSD_POPULATION@DF_POP_HIST(1.0),,I,AUT,,POP,,PS,,_T,,Y15T19,,H,,2024,,448041,,A,,0,,0,
DATAFLOW,OECD.ELS.SAE:DSD_POPULATION@DF_POP_HIST(1.0),,I,AUT,,POP,,PS,,_T,,Y_LE4,,H,,2024,,420763,,A,,0,,0,
DATAFLOW,OECD.ELS.SAE:DSD_POPULATION@DF_POP_HIST(1.0),,I,AUT,,POP,,PS,,_T,,Y20T24,,H,,2024,,497681,,A,,0,,0,
DATAFLOW,OECD.ELS.SAE:DSD_POPULATION@DF_POP_HIST(1.0),,I,AUT,,POP,,PS,,_T,,Y_GE85,,H,,2024,,240108,,A,,0,,0,
DATAFLOW,OECD.ELS.SAE:DSD_POPULATION@DF_POP_HIST(1.0),,I,BEL,,POP,,PS,,_T,,Y70T74,,H,,2024,,570916,,A,,0,,0,
DATAFLOW,OECD.ELS.SAE:DSD_POPULATION@DF_POP_HIST(1.0),,I,BEL,,POP,,PS,,_T,,Y20T64,,H,,2024,,6813843,,A,,0,,0,
DATAFLOW,OECD.ELS.SAE:DSD_POPULATION@DF_POP_HIST(1.0),,I,BEL,,POP,,PS,,_T,,Y5T9,,H,,2024,,636757,,A,,0,,0,
DATAFLOW,OECD.ELS.SAE:DSD_POPULATION@DF_POP_HIST(1.0),,I,BEL,,POP,,PS,,_T,,Y45T49,,H,,2024,,746447,,A,,0,,0,
DATAFLOW,OECD.ELS.SAE:DSD_POPULATION@DF_POP_HIST(1.0),,I,BEL,,POP,,PS,,_T,,Y_LE4,,H,,2024,,582347,,A,,0,,0,
DATAFLOW,OECD.ELS.SAE:DSD_POPULATION@DF_POP_HIST(1.0),,I,BEL,,POP,,PS,,_T,,Y35T39,,H,,2024,,769111,,A,,0,,0,
DATAFLOW,OECD.ELS.SAE:DSD_POPULATION@DF_POP_HIST(1.0),,I,BEL,,POP,,PS,,_T,,Y_GE65,,H,,2024,,2380994,,A,,0,,0,
DATAFLOW,OECD.ELS.SAE:DSD_POPULATION@DF_POP_HIST(1.0),,I,BEL,,POP,,PS,,_T,,Y30T34,,H,,2024,,780747,,A,,0,,0,
DATAFLOW,OECD.ELS.SAE:DSD_POPULATION@DF_POP_HIST(1.0),,I,BEL,,POP,,PS,,_T,,Y80T84,,H,,2024,,303570,,A,,0,,0,
DATAFLOW,OECD.ELS.SAE:DSD_POPULATION@DF_POP_HIST(1.0),,I,BEL,,POP,,PS,,_T,,Y20T24,,H,,2024,,686971,,A,,0,,0,
DATAFLOW,OECD.ELS.SAE:DSD_POPULATION@DF_POP_HIST(1.0),,I,BEL,,POP,,PS,,_T,,Y40T44,,H,,2024,,771709,,A,,0,,0,
DATAFLOW,OECD.ELS.SAE:DSD_POPULATION@DF_POP_HIST(1.0),,I,BEL,,POP,,PS,,_T,,Y50T54,,H,,2024,,774139,,A,,0,,0,
DATAFLOW,OECD.ELS.SAE:DSD_POPULATION@DF_POP_HIST(1.0),,I,BEL,,POP,,PS,,_T,,Y10T14,,H,,2024,,688646,,A,,0,,0,
DATAFLOW,OECD.ELS.SAE:DSD_POPULATION@DF_POP_HIST(1.0),,I,BEL,,POP,,PS,,_T,,Y_LT20,,H,,2024,,2599764,,A,,0,,0,
DATAFLOW,OECD.ELS.SAE:DSD_POPULATION@DF_POP_HIST(1.0),,I,BEL,,POP,,PS,,_T,,Y60T64,,H,,2024,,770475,,A,,0,,0,
DATAFLOW,OECD.ELS.SAE:DSD_POPULATION@DF_POP_HIST(1.0),,I,BEL,,POP,,PS,,_T,,_T,,H,,2024,,11794601,,A,,0,,0,
DATAFLOW,OECD.ELS.SAE:DSD_POPULATION@DF_POP_HIST(1.0),,I,BEL,,POP,,PS,,_T,,Y55T59,,H,,2024,,785928,,A,,0,,0,
DATAFLOW,OECD.ELS.SAE:DSD_POPULATION@DF_POP_HIST(1.0),,I,BEL,,POP,,PS,,_T,,Y_GE85,,H,,2024,,353500,,A,,0,,0,
DATAFLOW,OECD.ELS.SAE:DSD_POPULATION@DF_POP_HIST(1.0),,I,BEL,,POP,,PS,,_T,,Y15T64,,H,,2024,,7505857,,A,,0,,0,
DATAFLOW,OECD.ELS.SAE:DSD_POPULATION@DF_POP_HIST(1.0),,I,BEL,,POP,,PS,,_T,,Y15T19,,H,,2024,,692014,,A,,0,,0,
DATAFLOW,OECD.ELS.SAE:DSD_POPULATION@DF_POP_HIST(1.0),,I,BEL,,POP,,PS,,_T,,Y25T29,,H,,2024,,728316,,A,,0,,0,
DATAFLOW,OECD.ELS.SAE:DSD_POPULATION@DF_POP_HIST(1.0),,I,BEL,,POP,,PS,,_T,,Y_GE50,,H,,2024,,4711536,,A,,0,,0,
DATAFLOW,OECD.ELS.SAE:DSD_POPULATION@DF_POP_HIST(1.0),,I,BEL,,POP,,PS,,_T,,Y75T79,,H,,2024,,476213,,A,,0,,0,
DATAFLOW,OECD.ELS.SAE:DSD_POPULATION@DF_POP_HIST(1.0),,I,CAN,,POP,,PS,,_T,,Y_LE4,,H,,2024,,1873533,,A,,0,,0,
DATAFLOW,OECD.ELS.SAE:DSD_POPULATION@DF_POP_HIST(1.0),,I,CAN,,POP,,PS,,_T,,Y80T84,,H,,2024,,960179,,A,,0,,0,
DATAFLOW,OECD.ELS.SAE:DSD_POPULATION@DF_POP_HIST(1.0),,I,CAN,,POP,,PS,,_T,,Y60T64,,H,,2024,,2712771,,A,,0,,0,
DATAFLOW,OECD.ELS.SAE:DSD_POPULATION@DF_POP_HIST(1.0),,I,CAN,,POP,,PS,,_T,,Y20T24,,H,,2024,,2744222,,A,,0,,0,
DATAFLOW,OECD.ELS.SAE:DSD_POPULATION@DF_POP_HIST(1.0),,I,CAN,,POP,,PS,,_T,,Y_GE65,,H,,2024,,7820121,,A,,0,,0,
DATAFLOW,OECD.ELS.SAE:DSD_POPULATION@DF_POP_HIST(1.0),,I,CAN,,POP,,PS,,_T,,Y55T59,,H,,2024,,2493717,,A,,0,,0,
DATAFLOW,OECD.ELS.SAE:DSD_POPULATION@DF_POP_HIST(1.0),,I,CAN,,POP,,PS,,_T,,Y_GE85,,H,,2024,,911876,,A,,0,,0,
DATAFLOW,OECD.ELS.SAE:DSD_POPULATION@DF_POP_HIST(1.0),,I,CAN,,POP,,PS,,_T,,Y65T69,,H,,2024,,2442561,,A,,0,,0,
DATAFLOW,OECD.ELS.SAE:DSD_POPULATION@DF_POP_HIST(1.0),,I,CAN,,POP,,PS,,_T,,Y40T44,,H,,2024,,2800440,,A,,0,,0,
DATAFLOW,OECD.ELS.SAE:DSD_POPULATION@DF_POP_HIST(1.0),,I,CAN,,POP,,PS,,_T,,Y15T64,,H,,2024,,27203969,,A,,0,,0,
DATAFLOW,OECD.ELS.SAE:DSD_POPULATION@DF_POP_HIST(1.0),,I,CAN,,POP,,PS,,_T,,Y_LT20,,H,,2024,,8579943,,A,,0,,0,
DATAFLOW,OECD.ELS.SAE:DSD_POPULATION@DF_POP_HIST(1.0),,I,CAN,,POP,,PS,,_T,,Y35T39,,H,,2024,,2955034,,A,,0,,0,
DATAFLOW,OECD.ELS.SAE:DSD_POPULATION@DF_POP_HIST(1.0),,I,CAN,,POP,,PS,,_T,,Y50T54,,H,,2024,,2446595,,A,,0,,0,
DATAFLOW,OECD.ELS.SAE:DSD_POPULATION@DF_POP_HIST(1.0),,I,CAN,,POP,,PS,,_T,,Y70T74,,H,,2024,,1972708,,A,,0,,0,
DATAFLOW,OECD.ELS.SAE:DSD_POPULATION@DF_POP_HIST(1.0),,I,CAN,,POP,,PS,,_T,,Y10T14,,H,,2024,,2235131,,A,,0,,0,
DATAFLOW,OECD.ELS.SAE:DSD_POPULATION@DF_POP_HIST(1.0),,I,CAN,,POP,,PS,,_T,,Y20T64,,H,,2024,,24888535,,A,,0,,0,
DATAFLOW,OECD.ELS.SAE:DSD_POPULATION@DF_POP_HIST(1.0),,I,CAN,,POP,,PS,,_T,,Y15T19,,H,,2024,,2315434,,A,,0,,0,
DATAFLOW,OECD.ELS.SAE:DSD_POPULATION@DF_POP_HIST(1.0),,I,CAN,,POP,,PS,,_T,,Y_GE50,,H,,2024,,15473204,,A,,0,,0,
DATAFLOW,OECD.ELS.SAE:DSD_POPULATION@DF_POP_HIST(1.0),,I,CAN,,POP,,PS,,_T,,Y30T34,,H,,2024,,3152014,,A,,0,,0,
DATAFLOW,OECD.ELS.SAE:DSD_POPULATION@DF_POP_HIST(1.0),,I,CAN,,POP,,PS,,_T,,Y5T9,,H,,2024,,2155845,,A,,0,,0,
DATAFLOW,OECD.ELS.SAE:DSD_POPULATION@DF_POP_HIST(1.0),,I,CAN,,POP,,PS,,_T,,Y75T79,,H,,2024,,1532797,,A,,0,,0,
DATAFLOW,OECD.ELS.SAE:DSD_POPULATION@DF_POP_HIST(1.0),,I,CAN,,POP,,PS,,_T,,Y45T49,,H,,2024,,2541391,,A,,0,,0,
DATAFLOW,OECD.ELS.SAE:DSD_POPULATION@DF_POP_HIST(1.0),,I,CAN,,POP,,PS,,_T,,_T,,H,,2024,,41288599,,A,,0,,0,
DATAFLOW,OECD.ELS.SAE:DSD_POPULATION@DF_POP_HIST(1.0),,I,CHL,,POP,,PS,,_T,,Y40T44,,H,,2024,,1421165,,A,,0,,0,
DATAFLOW,OECD.ELS.SAE:DSD_POPULATION@DF_POP_HIST(1.0),,I,CHL,,POP,,PS,,_T,,Y25T29,,H,,2024,,1514291,,A,,0,,0,
DATAFLOW,OECD.ELS.SAE:DSD_POPULATION@DF_POP_HIST(1.0),,I,CHL,,POP,,PS,,_T,,Y5T9,,H,,2024,,1221671,,A,,0,,0,
DATAFLOW,OECD.ELS.SAE:DSD_POPULATION@DF_POP_HIST(1.0),,I,CHL,,POP,,PS,,_T,,Y15T19,,H,,2024,,1250082,,A,,0,,0,
DATAFLOW,OECD.ELS.SAE:DSD_POPULATION@DF_POP_HIST(1.0),,I,CHL,,POP,,PS,,_T,,Y60T64,,H,,2024,,1088475,,A,,0,,0,
DATAFLOW,OECD.ELS.SAE:DSD_POPULATION@DF_POP_HIST(1.0),,I,CHL,,POP,,PS,,_T,,Y_GE65,,H,,2024,,2769187,,A,,0,,0,
DATAFLOW,OECD.ELS.SAE:DSD_POPULATION@DF_POP_HIST(1.0),,I,CHL,,POP,,PS,,_T,,Y10T14,,H,,2024,,1292273,,A,,0,,0,
DATAFLOW,OECD.ELS.SAE:DSD_POPULATION@DF_POP_HIST(1.0),,I,CHL,,POP,,PS,,_T,,Y30T34,,H,,2024,,1699578,,A,,0,,0,
DATAFLOW,OECD.ELS.SAE:DSD_POPULATION@DF_POP_HIST(1.0),,I,CHL,,POP,,PS,,_T,,Y80T84,,H,,2024,,322248,,A,,0,,0,
DATAFLOW,OECD.ELS.SAE:DSD_POPULATION@DF_POP_HIST(1.0),,I,CHL,,POP,,PS,,_T,,Y_GE50,,H,,2024,,6301034,,A,,0,,0,
DATAFLOW,OECD.ELS.SAE:DSD_POPULATION@DF_POP_HIST(1.0),,I,CHL,,POP,,PS,,_T,,Y_LT20,,H,,2024,,4948107,,A,,0,,0,
DATAFLOW,OECD.ELS.SAE:DSD_POPULATION@DF_POP_HIST(1.0),,I,CHL,,POP,,PS,,_T,,Y55T59,,H,,2024,,1202298,,A,,0,,0,
DATAFLOW,OECD.ELS.SAE:DSD_POPULATION@DF_POP_HIST(1.0),,I,CHL,,POP,,PS,,_T,,Y65T69,,H,,2024,,919815,,A,,0,,0,
DATAFLOW,OECD.ELS.SAE:DSD_POPULATION@DF_POP_HIST(1.0),,I,CHL,,POP,,PS,,_T,,Y20T24,,H,,2024,,1303328,,A,,0,,0,
DATAFLOW,OECD.ELS.SAE:DSD_POPULATION@DF_POP_HIST(1.0),,I,CHL,,POP,,PS,,_T,,Y50T54,,H,,2024,,1241074,,A,,0,,0,
DATAFLOW,OECD.ELS.SAE:DSD_POPULATION@DF_POP_HIST(1.0),,I,CHL,,POP,,PS,,_T,,Y45T49,,H,,2024,,1337371,,A,,0,,0,
DATAFLOW,OECD.ELS.SAE:DSD_POPULATION@DF_POP_HIST(1.0),,I,CHL,,POP,,PS,,_T,,Y15T64,,H,,2024,,13619165,,A,,0,,0,
DATAFLOW,OECD.ELS.SAE:DSD_POPULATION@DF_POP_HIST(1.0),,I,CHL,,POP,,PS,,_T,,Y20T64,,H,,2024,,12369083,,A,,0,,0,
DATAFLOW,OECD.ELS.SAE:DSD_POPULATION@DF_POP_HIST(1.0),,I,CHL,,POP,,PS,,_T,,Y35T39,,H,,2024,,1561503,,A,,0,,0,
DATAFLOW,OECD.ELS.SAE:DSD_POPULATION@DF_POP_HIST(1.0),,I,CHL,,POP,,PS,,_T,,Y75T79,,H,,2024,,491434,,A,,0,,0,
DATAFLOW,OECD.ELS.SAE:DSD_POPULATION@DF_POP_HIST(1.0),,I,CHL,,POP,,PS,,_T,,_T,,H,,2024,,20086377,,A,,0,,0,
DATAFLOW,OECD.ELS.SAE:DSD_POPULATION@DF_POP_HIST(1.0),,I,CHL,,POP,,PS,,_T,,Y70T74,,H,,2024,,719139,,A,,0,,0,
DATAFLOW,OECD.ELS.SAE:DSD_POPULATION@DF_POP_HIST(1.0),,I,CHL,,POP,,PS,,_T,,Y_GE85,,H,,2024,,316551,,A,,0,,0,
DATAFLOW,OECD.ELS.SAE:DSD_POPULATION@DF_POP_HIST(1.0),,I,COL,,POP,,PS,,_T,,_T,,H,,2024,,52695952,,A,,0,,0,
DATAFLOW,OECD.ELS.SAE:DSD_POPULATION@DF_POP_HIST(1.0),,I,COL,,POP,,PS,,_T,,Y15T64,,H,,2024,,35703297,,A,,0,,0,
DATAFLOW,OECD.ELS.SAE:DSD_POPULATION@DF_POP_HIST(1.0),,I,COL,,POP,,PS,,_T,,Y25T29,,H,,2024,,4468752,,A,,0,,0,
DATAFLOW,OECD.ELS.SAE:DSD_POPULATION@DF_POP_HIST(1.0),,I,COL,,POP,,PS,,_T,,Y_GE50,,H,,2024,,13545895,,A,,0,,0,
DATAFLOW,OECD.ELS.SAE:DSD_POPULATION@DF_POP_HIST(1.0),,I,COL,,POP,,PS,,_T,,Y_LE4,,H,,2024,,3637834,,A,,0,,0,
DATAFLOW,OECD.ELS.SAE:DSD_POPULATION@DF_POP_HIST(1.0),,I,COL,,POP,,PS,,_T,,Y20T64,,H,,2024,,31690638,,A,,0,,0,
DATAFLOW,OECD.ELS.SAE:DSD_POPULATION@DF_POP_HIST(1.0),,I,COL,,POP,,PS,,_T,,Y45T49,,H,,2024,,3151074,,A,,0,,0,
DATAFLOW,OECD.ELS.SAE:DSD_POPULATION@DF_POP_HIST(1.0),,I,COL,,POP,,PS,,_T,,Y65T69,,H,,2024,,1942640,,A,,0,,0,
DATAFLOW,OECD.ELS.SAE:DSD_POPULATION@DF_POP_HIST(1.0),,I,COL,,POP,,PS,,_T,,Y5T9,,H,,2024,,3941439,,A,,0,,0,
DATAFLOW,OECD.ELS.SAE:DSD_POPULATION@DF_POP_HIST(1.0),,I,COL,,POP,,PS,,_T,,Y75T79,,H,,2024,,969385,,A,,0,,0,
DATAFLOW,OECD.ELS.SAE:DSD_POPULATION@DF_POP_HIST(1.0),,I,COL,,POP,,PS,,_T,,Y80T84,,H,,2024,,584792,,A,,0,,0,
DATAFLOW,OECD.ELS.SAE:DSD_POPULATION@DF_POP_HIST(1.0),,I,COL,,POP,,PS,,_T,,Y20T24,,H,,2024,,4247234,,A,,0,,0,
DATAFLOW,OECD.ELS.SAE:DSD_POPULATION@DF_POP_HIST(1.0),,I,COL,,POP,,PS,,_T,,Y60T64,,H,,2024,,2448330,,A,,0,,0,
DATAFLOW,OECD.ELS.SAE:DSD_POPULATION@DF_POP_HIST(1.0),,I,COL,,POP,,PS,,_T,,Y35T39,,H,,2024,,3864862,,A,,0,,0,
DATAFLOW,OECD.ELS.SAE:DSD_POPULATION@DF_POP_HIST(1.0),,I,COL,,POP,,PS,,_T,,Y70T74,,H,,2024,,1426375,,A,,0,,0,
DATAFLOW,OECD.ELS.SAE:DSD_POPULATION@DF_POP_HIST(1.0),,I,COL,,POP,,PS,,_T,,Y_GE65,,H,,2024,,5443001,,A,,0,,0,
DATAFLOW,OECD.ELS.SAE:DSD_POPULATION@DF_POP_HIST(1.0),,I,COL,,POP,,PS,,_T,,Y40T44,,H,,2024,,3589526,,A,,0,,0,
DATAFLOW,OECD.ELS.SAE:DSD_POPULATION@DF_POP_HIST(1.0),,I,COL,,POP,,PS,,_T,,Y10T14,,H,,2024,,3970381,,A,,0,,0,
DATAFLOW,OECD.ELS.SAE:DSD_POPULATION@DF_POP_HIST(1.0),,I,COL,,POP,,PS,,_T,,Y15T19,,H,,2024,,4012659,,A,,0,,0,
DATAFLOW,OECD.ELS.SAE:DSD_POPULATION@DF_POP_HIST(1.0),,I,COL,,POP,,PS,,_T,,Y_GE85,,H,,2024,,519809,,A,,0,,0,
DATAFLOW,OECD.ELS.SAE:DSD_POPULATION@DF_POP_HIST(1.0),,I,COL,,POP,,PS,,_T,,Y30T34,,H,,2024,,4266296,,A,,0,,0,
DATAFLOW,OECD.ELS.SAE:DSD_POPULATION@DF_POP_HIST(1.0),,I,COL,,POP,,PS,,_T,,Y50T54,,H,,2024,,2883741,,A,,0,,0,
DATAFLOW,OECD.ELS.SAE:DSD_POPULATION@DF_POP_HIST(1.0),,I,COL,,POP,,PS,,_T,,Y_LT20,,H,,2024,,15562313,,A,,0,,0,
DATAFLOW,OECD.ELS.SAE:DSD_POPULATION@DF_POP_HIST(1.0),,I,CRI,,POP,,PS,,_T,,Y80T84,,H,,2024,,63264.129,,A,,0,,0,
DATAFLOW,OECD.ELS.SAE:DSD_POPULATION@DF_POP_HIST(1.0),,I,CRI,,POP,,PS,,_T,,Y_LE4,,H,,2024,,269370.68,,A,,0,,0,
DATAFLOW,OECD.ELS.SAE:DSD_POPULATION@DF_POP_HIST(1.0),,I,CRI,,POP,,PS,,_T,,Y_GE85,,H,,2024,,59288.431,,A,,0,,0,
DATAFLOW,OECD.ELS.SAE:DSD_POPULATION@DF_POP_HIST(1.0),,I,CRI,,POP,,PS,,_T,,Y65T69,,H,,2024,,204986.31,,A,,0,,0,
DATAFLOW,OECD.ELS.SAE:DSD_POPULATION@DF_POP_HIST(1.0),,I,CRI,,POP,,PS,,_T,,Y20T24,,H,,2024,,391783.53,,A,,0,,0,
DATAFLOW,OECD.ELS.SAE:DSD_POPULATION@DF_POP_HIST(1.0),,I,CRI,,POP,,PS,,_T,,Y15T64,,H,,2024,,3589976.4,,A,,0,,0,
DATAFLOW,OECD.ELS.SAE:DSD_POPULATION@DF_POP_HIST(1.0),,I,CRI,,POP,,PS,,_T,,Y25T29,,H,,2024,,421107.33,,A,,0,,0,
DATAFLOW,OECD.ELS.SAE:DSD_POPULATION@DF_POP_HIST(1.0),,I,CRI,,POP,,PS,,_T,,Y45T49,,H,,2024,,319027.71,,A,,0,,0,
DATAFLOW,OECD.ELS.SAE:DSD_POPULATION@DF_POP_HIST(1.0),,I,CRI,,POP,,PS,,_T,,Y5T9,,H,,2024,,349939.34,,A,,0,,0,
DATAFLOW,OECD.ELS.SAE:DSD_POPULATION@DF_POP_HIST(1.0),,I,CRI,,POP,,PS,,_T,,Y30T34,,H,,2024,,436262.71,,A,,0,,0,
DATAFLOW,OECD.ELS.SAE:DSD_POPULATION@DF_POP_HIST(1.0),,I,CRI,,POP,,PS,,_T,,Y75T79,,H,,2024,,100031.24,,A,,0,,0,
DATAFLOW,OECD.ELS.SAE:DSD_POPULATION@DF_POP_HIST(1.0),,I,CRI,,POP,,PS,,_T,,_T,,H,,2024,,5224148.4,,A,,0,,0,
DATAFLOW,OECD.ELS.SAE:DSD_POPULATION@DF_POP_HIST(1.0),,I,CRI,,POP,,PS,,_T,,Y50T54,,H,,2024,,283470.98,,A,,0,,0,
DATAFLOW,OECD.ELS.SAE:DSD_POPULATION@DF_POP_HIST(1.0),,I,CRI,,POP,,PS,,_T,,Y15T19,,H,,2024,,380339.89,,A,,0,,0,
DATAFLOW,OECD.ELS.SAE:DSD_POPULATION@DF_POP_HIST(1.0),,I,CRI,,POP,,PS,,_T,,Y55T59,,H,,2024,,281894.3,,A,,0,,0,
DATAFLOW,OECD.ELS.SAE:DSD_POPULATION@DF_POP_HIST(1.0),,I,CRI,,POP,,PS,,_T,,Y70T74,,H,,2024,,148447.16,,A,,0,,0,
DATAFLOW,OECD.ELS.SAE:DSD_POPULATION@DF_POP_HIST(1.0),,I,CRI,,POP,,PS,,_T,,Y20T64,,H,,2024,,3209636.6,,A,,0,,0,
DATAFLOW,OECD.ELS.SAE:DSD_POPULATION@DF_POP_HIST(1.0),,I,CRI,,POP,,PS,,_T,,Y_LT20,,H,,2024,,1379206.1,,A,,0,,0,
DATAFLOW,OECD.ELS.SAE:DSD_POPULATION@DF_POP_HIST(1.0),,I,CRI,,POP,,PS,,_T,,Y_GE50,,H,,2024,,1397563.4,,A,,0,,0,
DATAFLOW,OECD.ELS.SAE:DSD_POPULATION@DF_POP_HIST(1.0),,I,CRI,,POP,,PS,,_T,,Y10T14,,H,,2024,,379556.22,,A,,0,,0,
DATAFLOW,OECD.ELS.SAE:DSD_POPULATION@DF_POP_HIST(1.0),,I,CRI,,POP,,PS,,_T,,Y35T39,,H,,2024,,439410.88,,A,,0,,0,
DATAFLOW,OECD.ELS.SAE:DSD_POPULATION@DF_POP_HIST(1.0),,I,CRI,,POP,,PS,,_T,,Y40T44,,H,,2024,,380498.23,,A,,0,,0,
DATAFLOW,OECD.ELS.SAE:DSD_POPULATION@DF_POP_HIST(1.0),,I,CRI,,POP,,PS,,_T,,Y60T64,,H,,2024,,256180.88,,A,,0,,0,
DATAFLOW,OECD.ELS.SAE:DSD_POPULATION@DF_POP_HIST(1.0),,I,CZE,,POP,,PS,,_T,,Y45T49,,H,,2024,,936178,,A,,0,,0,
DATAFLOW,OECD.ELS.SAE:DSD_POPULATION@DF_POP_HIST(1.0),,I,CZE,,POP,,PS,,_T,,Y35T39,,H,,2024,,740544,,A,,0,,0,
DATAFLOW,OECD.ELS.SAE:DSD_POPULATION@DF_POP_HIST(1.0),,I,CZE,,POP,,PS,,_T,,Y5T9,,H,,2024,,590515,,A,,0,,0,
DATAFLOW,OECD.ELS.SAE:DSD_POPULATION@DF_POP_HIST(1.0),,I,CZE,,POP,,PS,,_T,,Y10T14,,H,,2024,,591257,,A,,0,,0,
DATAFLOW,OECD.ELS.SAE:DSD_POPULATION@DF_POP_HIST(1.0),,I,CZE,,POP,,PS,,_T,,Y70T74,,H,,2024,,611752,,A,,0,,0,
DATAFLOW,OECD.ELS.SAE:DSD_POPULATION@DF_POP_HIST(1.0),,I,CZE,,POP,,PS,,_T,,Y55T59,,H,,2024,,678871,,A,,0,,0,
DATAFLOW,OECD.ELS.SAE:DSD_POPULATION@DF_POP_HIST(1.0),,I,CZE,,POP,,PS,,_T,,Y_GE85,,H,,2024,,208102,,A,,0,,0,
DATAFLOW,OECD.ELS.SAE:DSD_POPULATION@DF_POP_HIST(1.0),,I,CZE,,POP,,PS,,_T,,Y_LT20,,H,,2024,,2311366,,A,,0,,0,
DATAFLOW,OECD.ELS.SAE:DSD_POPULATION@DF_POP_HIST(1.0),,I,CZE,,POP,,PS,,_T,,Y30T34,,H,,2024,,696330,,A,,0,,0,
DATAFLOW,OECD.ELS.SAE:DSD_POPULATION@DF_POP_HIST(1.0),,I,CZE,,POP,,PS,,_T,,Y25T29,,H,,2024,,537018,,A,,0,,0,
DATAFLOW,OECD.ELS.SAE:DSD_POPULATION@DF_POP_HIST(1.0),,I,CZE,,POP,,PS,,_T,,Y40T44,,H,,2024,,786161,,A,,0,,0,
DATAFLOW,OECD.ELS.SAE:DSD_POPULATION@DF_POP_HIST(1.0),,I,CZE,,POP,,PS,,_T,,Y_GE65,,H,,2024,,2243877,,A,,0,,0,
DATAFLOW,OECD.ELS.SAE:DSD_POPULATION@DF_POP_HIST(1.0),,I,CZE,,POP,,PS,,_T,,Y_GE50,,H,,2024,,4357698,,A,,0,,0,
DATAFLOW,OECD.ELS.SAE:DSD_POPULATION@DF_POP_HIST(1.0),,I,CZE,,POP,,PS,,_T,,Y20T64,,H,,2024,,6331288,,A,,0,,0,
DATAFLOW,OECD.ELS.SAE:DSD_POPULATION@DF_POP_HIST(1.0),,I,CZE,,POP,,PS,,_T,,Y50T54,,H,,2024,,814084,,A,,0,,0,
DATAFLOW,OECD.ELS.SAE:DSD_POPULATION@DF_POP_HIST(1.0),,I,CZE,,POP,,PS,,_T,,Y15T64,,H,,2024,,6936076,,A,,0,,0,
DATAFLOW,OECD.ELS.SAE:DSD_POPULATION@DF_POP_HIST(1.0),,I,CZE,,POP,,PS,,_T,,_T,,H,,2024,,10886531,,A,,0,,0,
DATAFLOW,OECD.ELS.SAE:DSD_POPULATION@DF_POP_HIST(1.0),,I,CZE,,POP,,PS,,_T,,Y75T79,,H,,2024,,501936,,A,,0,,0,
DATAFLOW,OECD.ELS.SAE:DSD_POPULATION@DF_POP_HIST(1.0),,I,CZE,,POP,,PS,,_T,,Y80T84,,H,,2024,,297633,,A,,0,,0,
DATAFLOW,OECD.ELS.SAE:DSD_POPULATION@DF_POP_HIST(1.0),,I,CZE,,POP,,PS,,_T,,Y60T64,,H,,2024,,620866,,A,,0,,0,
DATAFLOW,OECD.ELS.SAE:DSD_POPULATION@DF_POP_HIST(1.0),,I,CZE,,POP,,PS,,_T,,Y65T69,,H,,2024,,624454,,A,,0,,0,
DATAFLOW,OECD.ELS.SAE:DSD_POPULATION@DF_POP_HIST(1.0),,I,CZE,,POP,,PS,,_T,,Y15T19,,H,,2024,,604788,,A,,0,,0,
DATAFLOW,OECD.ELS.SAE:DSD_POPULATION@DF_POP_HIST(1.0),,I,CZE,,POP,,PS,,_T,,Y20T24,,H,,2024,,521236,,A,,0,,0,
DATAFLOW,OECD.ELS.SAE:DSD_POPULATION@DF_POP_HIST(1.0),,I,DNK,,POP,,PS,,_T,,Y15T19,,H,,2024,,350100,,A,,0,,0,
DATAFLOW,OECD.ELS.SAE:DSD_POPULATION@DF_POP_HIST(1.0),,I,DNK,,POP,,PS,,_T,,Y50T54,,H,,2024,,392009,,A,,0,,0,
DATAFLOW,OECD.ELS.SAE:DSD_POPULATION@DF_POP_HIST(1.0),,I,DNK,,POP,,PS,,_T,,Y_GE65,,H,,2024,,1241833,,A,,0,,0,
DATAFLOW,OECD.ELS.SAE:DSD_POPULATION@DF_POP_HIST(1.0),,I,DNK,,POP,,PS,,_T,,Y60T64,,H,,2024,,373936,,A,,0,,0,
DATAFLOW,OECD.ELS.SAE:DSD_POPULATION@DF_POP_HIST(1.0),,I,DNK,,POP,,PS,,_T,,Y30T34,,H,,2024,,408280,,A,,0,,0,
DATAFLOW,OECD.ELS.SAE:DSD_POPULATION@DF_POP_HIST(1.0),,I,DNK,,POP,,PS,,_T,,Y_GE85,,H,,2024,,143776,,A,,0,,0,
DATAFLOW,OECD.ELS.SAE:DSD_POPULATION@DF_POP_HIST(1.0),,I,DNK,,POP,,PS,,_T,,Y55T59,,H,,2024,,413319,,A,,0,,0,
DATAFLOW,OECD.ELS.SAE:DSD_POPULATION@DF_POP_HIST(1.0),,I,DNK,,POP,,PS,,_T,,Y40T44,,H,,2024,,338672,,A,,0,,0,
DATAFLOW,OECD.ELS.SAE:DSD_POPULATION@DF_POP_HIST(1.0),,I,DNK,,POP,,PS,,_T,,Y20T64,,H,,2024,,3446069,,A,,0,,0,
DATAFLOW,OECD.ELS.SAE:DSD_POPULATION@DF_POP_HIST(1.0),,I,DNK,,POP,,PS,,_T,,Y70T74,,H,,2024,,295365,,A,,0,,0,
DATAFLOW,OECD.ELS.SAE:DSD_POPULATION@DF_POP_HIST(1.0),,I,DNK,,POP,,PS,,_T,,Y25T29,,H,,2024,,408510,,A,,0,,0,
DATAFLOW,OECD.ELS.SAE:DSD_POPULATION@DF_POP_HIST(1.0),,I,DNK,,POP,,PS,,_T,,_T,,H,,2024,,5972420,,A,,0,,0,
DATAFLOW,OECD.ELS.SAE:DSD_POPULATION@DF_POP_HIST(1.0),,I,DNK,,POP,,PS,,_T,,Y65T69,,H,,2024,,328096,,A,,0,,0,
DATAFLOW,OECD.ELS.SAE:DSD_POPULATION@DF_POP_HIST(1.0),,I,DNK,,POP,,PS,,_T,,Y5T9,,H,,2024,,312466,,A,,0,,0,
DATAFLOW,OECD.ELS.SAE:DSD_POPULATION@DF_POP_HIST(1.0),,I,DNK,,POP,,PS,,_T,,Y10T14,,H,,2024,,316803,,A,,0,,0,
DATAFLOW,OECD.ELS.SAE:DSD_POPULATION@DF_POP_HIST(1.0),,I,DNK,,POP,,PS,,_T,,Y_LE4,,H,,2024,,305149,,A,,0,,0,
DATAFLOW,OECD.ELS.SAE:DSD_POPULATION@DF_POP_HIST(1.0),,I,DNK,,POP,,PS,,_T,,Y_LT20,,H,,2024,,1284518,,A,,0,,0,
DATAFLOW,OECD.ELS.SAE:DSD_POPULATION@DF_POP_HIST(1.0),,I,DNK,,POP,,PS,,_T,,Y75T79,,H,,2024,,288161,,A,,0,,0,
DATAFLOW,OECD.ELS.SAE:DSD_POPULATION@DF_POP_HIST(1.0),,I,DNK,,POP,,PS,,_T,,Y_GE50,,H,,2024,,2421097,,A,,0,,0,
DATAFLOW,OECD.ELS.SAE:DSD_POPULATION@DF_POP_HIST(1.0),,I,DNK,,POP,,PS,,_T,,Y35T39,,H,,2024,,363999,,A,,0,,0,
DATAFLOW,OECD.ELS.SAE:DSD_POPULATION@DF_POP_HIST(1.0),,I,DNK,,POP,,PS,,_T,,Y15T64,,H,,2024,,3796169,,A,,0,,0,
DATAFLOW,OECD.ELS.SAE:DSD_POPULATION@DF_POP_HIST(1.0),,I,DNK,,POP,,PS,,_T,,Y45T49,,H,,2024,,373743,,A,,0,,0,
DATAFLOW,OECD.ELS.SAE:DSD_POPULATION@DF_POP_HIST(1.0),,I,DNK,,POP,,PS,,_T,,Y80T84,,H,,2024,,186435,,A,,0,,0,
DATAFLOW,OECD.ELS.SAE:DSD_POPULATION@DF_POP_HIST(1.0),,I,EST,,POP,,PS,,_T,,Y_LE4,,H,,2024,,63478,,A,,0,,0,
DATAFLOW,OECD.ELS.SAE:DSD_POPULATION@DF_POP_HIST(1.0),,I,EST,,POP,,PS,,_T,,Y40T44,,H,,2024,,99570,,A,,0,,0,
DATAFLOW,OECD.ELS.SAE:DSD_POPULATION@DF_POP_HIST(1.0),,I,EST,,POP,,PS,,_T,,Y60T64,,H,,2024,,86889,,A,,0,,0,
DATAFLOW,OECD.ELS.SAE:DSD_POPULATION@DF_POP_HIST(1.0),,I,EST,,POP,,PS,,_T,,Y30T34,,H,,2024,,91854,,A,,0,,0,
DATAFLOW,OECD.ELS.SAE:DSD_POPULATION@DF_POP_HIST(1.0),,I,EST,,POP,,PS,,_T,,Y_GE85,,H,,2024,,40258,,A,,0,,0,
DATAFLOW,OECD.ELS.SAE:DSD_POPULATION@DF_POP_HIST(1.0),,I,EST,,POP,,PS,,_T,,Y25T29,,H,,2024,,68673,,A,,0,,0,
DATAFLOW,OECD.ELS.SAE:DSD_POPULATION@DF_POP_HIST(1.0),,I,EST,,POP,,PS,,_T,,Y75T79,,H,,2024,,51934,,A,,0,,0,
DATAFLOW,OECD.ELS.SAE:DSD_POPULATION@DF_POP_HIST(1.0),,I,EST,,POP,,PS,,_T,,Y20T24,,H,,2024,,67316,,A,,0,,0,
DATAFLOW,OECD.ELS.SAE:DSD_POPULATION@DF_POP_HIST(1.0),,I,EST,,POP,,PS,,_T,,Y65T69,,H,,2024,,82349,,A,,0,,0,
DATAFLOW,OECD.ELS.SAE:DSD_POPULATION@DF_POP_HIST(1.0),,I,EST,,POP,,PS,,_T,,Y_LT20,,H,,2024,,294717,,A,,0,,0,
DATAFLOW,OECD.ELS.SAE:DSD_POPULATION@DF_POP_HIST(1.0),,I,EST,,POP,,PS,,_T,,Y80T84,,H,,2024,,38975,,A,,0,,0,
DATAFLOW,OECD.ELS.SAE:DSD_POPULATION@DF_POP_HIST(1.0),,I,EST,,POP,,PS,,_T,,Y15T64,,H,,2024,,871361,,A,,0,,0,
DATAFLOW,OECD.ELS.SAE:DSD_POPULATION@DF_POP_HIST(1.0),,I,EST,,POP,,PS,,_T,,Y_GE65,,H,,2024,,283952,,A,,0,,0,
DATAFLOW,OECD.ELS.SAE:DSD_POPULATION@DF_POP_HIST(1.0),,I,EST,,POP,,PS,,_T,,Y20T64,,H,,2024,,793672,,A,,0,,0,
DATAFLOW,OECD.ELS.SAE:DSD_POPULATION@DF_POP_HIST(1.0),,I,EST,,POP,,PS,,_T,,Y15T19,,H,,2024,,77689,,A,,0,,0,
DATAFLOW,OECD.ELS.SAE:DSD_POPULATION@DF_POP_HIST(1.0),,I,EST,,POP,,PS,,_T,,_T,,H,,2024,,1372341,,A,,0,,0,
DATAFLOW,OECD.ELS.SAE:DSD_POPULATION@DF_POP_HIST(1.0),,I,EST,,POP,,PS,,_T,,Y50T54,,H,,2024,,93261,,A,,0,,0,
DATAFLOW,OECD.ELS.SAE:DSD_POPULATION@DF_POP_HIST(1.0),,I,EST,,POP,,PS,,_T,,Y_GE50,,H,,2024,,547651,,A,,0,,0,
DATAFLOW,OECD.ELS.SAE:DSD_POPULATION@DF_POP_HIST(1.0),,I,EST,,POP,,PS,,_T,,Y70T74,,H,,2024,,70436,,A,,0,,0,
DATAFLOW,OECD.ELS.SAE:DSD_POPULATION@DF_POP_HIST(1.0),,I,EST,,POP,,PS,,_T,,Y45T49,,H,,2024,,94193,,A,,0,,0,
DATAFLOW,OECD.ELS.SAE:DSD_POPULATION@DF_POP_HIST(1.0),,I,EST,,POP,,PS,,_T,,Y55T59,,H,,2024,,83549,,A,,0,,0,
DATAFLOW,OECD.ELS.SAE:DSD_POPULATION@DF_POP_HIST(1.0),,I,EST,,POP,,PS,,_T,,Y10T14,,H,,2024,,77897,,A,,0,,0,
DATAFLOW,OECD.ELS.SAE:DSD_POPULATION@DF_POP_HIST(1.0),,I,EST,,POP,,PS,,_T,,Y5T9,,H,,2024,,75653,,A,,0,,0,
DATAFLOW,OECD.ELS.SAE:DSD_POPULATION@DF_POP_HIST(1.0),,I,FIN,,POP,,PS,,_T,,Y30T34,,H,,2024,,380865,,A,,0,,0,
DATAFLOW,OECD.ELS.SAE:DSD_POPULATION@DF_POP_HIST(1.0),,I,FIN,,POP,,PS,,_T,,Y55T59,,H,,2024,,356069,,A,,0,,0,
DATAFLOW,OECD.ELS.SAE:DSD_POPULATION@DF_POP_HIST(1.0),,I,FIN,,POP,,PS,,_T,,Y35T39,,H,,2024,,371642,,A,,0,,0,
DATAFLOW,OECD.ELS.SAE:DSD_POPULATION@DF_POP_HIST(1.0),,I,FIN,,POP,,PS,,_T,,Y_LE4,,H,,2024,,234917,,A,,0,,0,
DATAFLOW,OECD.ELS.SAE:DSD_POPULATION@DF_POP_HIST(1.0),,I,FIN,,POP,,PS,,_T,,Y45T49,,H,,2024,,350319,,A,,0,,0,
DATAFLOW,OECD.ELS.SAE:DSD_POPULATION@DF_POP_HIST(1.0),,I,FIN,,POP,,PS,,_T,,Y20T24,,H,,2024,,310227,,A,,0,,0,
DATAFLOW,OECD.ELS.SAE:DSD_POPULATION@DF_POP_HIST(1.0),,I,FIN,,POP,,PS,,_T,,Y_LT20,,H,,2024,,1144010,,A,,0,,0,
DATAFLOW,OECD.ELS.SAE:DSD_POPULATION@DF_POP_HIST(1.0),,I,FIN,,POP,,PS,,_T,,_T,,H,,2024,,5619914,,A,,0,,0,
DATAFLOW,OECD.ELS.SAE:DSD_POPULATION@DF_POP_HIST(1.0),,I,FIN,,POP,,PS,,_T,,Y25T29,,H,,2024,,341311,,A,,0,,0,
DATAFLOW,OECD.ELS.SAE:DSD_POPULATION@DF_POP_HIST(1.0),,I,FIN,,POP,,PS,,_T,,Y15T19,,H,,2024,,317748,,A,,0,,0,
DATAFLOW,OECD.ELS.SAE:DSD_POPULATION@DF_POP_HIST(1.0),,I,FIN,,POP,,PS,,_T,,Y60T64,,H,,2024,,359542,,A,,0,,0,
DATAFLOW,OECD.ELS.SAE:DSD_POPULATION@DF_POP_HIST(1.0),,I,FIN,,POP,,PS,,_T,,Y75T79,,H,,2024,,302349,,A,,0,,0,
DATAFLOW,OECD.ELS.SAE:DSD_POPULATION@DF_POP_HIST(1.0),,I,FIN,,POP,,PS,,_T,,Y80T84,,H,,2024,,171166,,A,,0,,0,
DATAFLOW,OECD.ELS.SAE:DSD_POPULATION@DF_POP_HIST(1.0),,I,FIN,,POP,,PS,,_T,,Y_GE65,,H,,2024,,1319092,,A,,0,,0,
DATAFLOW,OECD.ELS.SAE:DSD_POPULATION@DF_POP_HIST(1.0),,I,FIN,,POP,,PS,,_T,,Y_GE50,,H,,2024,,2350630,,A,,0,,0,
DATAFLOW,OECD.ELS.SAE:DSD_POPULATION@DF_POP_HIST(1.0),,I,FIN,,POP,,PS,,_T,,Y40T44,,H,,2024,,370910,,A,,0,,0,
DATAFLOW,OECD.ELS.SAE:DSD_POPULATION@DF_POP_HIST(1.0),,I,FIN,,POP,,PS,,_T,,Y15T64,,H,,2024,,3474560,,A,,0,,0,
DATAFLOW,OECD.ELS.SAE:DSD_POPULATION@DF_POP_HIST(1.0),,I,FIN,,POP,,PS,,_T,,Y50T54,,H,,2024,,315927,,A,,0,,0,
DATAFLOW,OECD.ELS.SAE:DSD_POPULATION@DF_POP_HIST(1.0),,I,FIN,,POP,,PS,,_T,,Y70T74,,H,,2024,,334372,,A,,0,,0,
DATAFLOW,OECD.ELS.SAE:DSD_POPULATION@DF_POP_HIST(1.0),,I,FIN,,POP,,PS,,_T,,Y65T69,,H,,2024,,344986,,A,,0,,0,
DATAFLOW,OECD.ELS.SAE:DSD_POPULATION@DF_POP_HIST(1.0),,I,FIN,,POP,,PS,,_T,,Y_GE85,,H,,2024,,166219,,A,,0,,0,
DATAFLOW,OECD.ELS.SAE:DSD_POPULATION@DF_POP_HIST(1.0),,I,FIN,,POP,,PS,,_T,,Y20T64,,H,,2024,,3156812,,A,,0,,0,
DATAFLOW,OECD.ELS.SAE:DSD_POPULATION@DF_POP_HIST(1.0),,I,FIN,,POP,,PS,,_T,,Y5T9,,H,,2024,,273335,,A,,0,,0,
DATAFLOW,OECD.ELS.SAE:DSD_POPULATION@DF_POP_HIST(1.0),,I,FRA,,POP,,PS,,_T,,Y50T54,,H,,2024,,4529670,,A,,0,,0,
DATAFLOW,OECD.ELS.SAE:DSD_POPULATION@DF_POP_HIST(1.0),,I,FRA,,POP,,PS,,_T,,Y_LE4,,H,,2024,,3401137,,A,,0,,0,
DATAFLOW,OECD.ELS.SAE:DSD_POPULATION@DF_POP_HIST(1.0),,I,FRA,,POP,,PS,,_T,,Y20T64,,H,,2024,,37927290,,A,,0,,0,
DATAFLOW,OECD.ELS.SAE:DSD_POPULATION@DF_POP_HIST(1.0),,I,FRA,,POP,,PS,,_T,,Y_GE85,,H,,2024,,2295719,,A,,0,,0,
DATAFLOW,OECD.ELS.SAE:DSD_POPULATION@DF_POP_HIST(1.0),,I,FRA,,POP,,PS,,_T,,Y65T69,,H,,2024,,3935173,,A,,0,,0,
DATAFLOW,OECD.ELS.SAE:DSD_POPULATION@DF_POP_HIST(1.0),,I,FRA,,POP,,PS,,_T,,Y70T74,,H,,2024,,3678481,,A,,0,,0,
DATAFLOW,OECD.ELS.SAE:DSD_POPULATION@DF_POP_HIST(1.0),,I,FRA,,POP,,PS,,_T,,Y5T9,,H,,2024,,3867994,,A,,0,,0,
DATAFLOW,OECD.ELS.SAE:DSD_POPULATION@DF_POP_HIST(1.0),,I,FRA,,POP,,PS,,_T,,Y15T64,,H,,2024,,42198234,,A,,0,,0,
DATAFLOW,OECD.ELS.SAE:DSD_POPULATION@DF_POP_HIST(1.0),,I,FRA,,POP,,PS,,_T,,Y_GE50,,H,,2024,,28018826,,A,,0,,0,
DATAFLOW,OECD.ELS.SAE:DSD_POPULATION@DF_POP_HIST(1.0),,I,FRA,,POP,,PS,,_T,,_T,,H,,2024,,68521113,,A,,0,,0,
DATAFLOW,OECD.ELS.SAE:DSD_POPULATION@DF_POP_HIST(1.0),,I,FRA,,POP,,PS,,_T,,Y55T59,,H,,2024,,4420223,,A,,0,,0,
DATAFLOW,OECD.ELS.SAE:DSD_POPULATION@DF_POP_HIST(1.0),,I,FRA,,POP,,PS,,_T,,Y35T39,,H,,2024,,4296887,,A,,0,,0,
DATAFLOW,OECD.ELS.SAE:DSD_POPULATION@DF_POP_HIST(1.0),,I,FRA,,POP,,PS,,_T,,Y20T24,,H,,2024,,3958234,,A,,0,,0,
DATAFLOW,OECD.ELS.SAE:DSD_POPULATION@DF_POP_HIST(1.0),,I,FRA,,POP,,PS,,_T,,Y60T64,,H,,2024,,4272120,,A,,0,,0,
DATAFLOW,OECD.ELS.SAE:DSD_POPULATION@DF_POP_HIST(1.0),,I,FRA,,POP,,PS,,_T,,Y_GE65,,H,,2024,,14796813,,A,,0,,0,
DATAFLOW,OECD.ELS.SAE:DSD_POPULATION@DF_POP_HIST(1.0),,I,FRA,,POP,,PS,,_T,,Y45T49,,H,,2024,,4148895,,A,,0,,0,
DATAFLOW,OECD.ELS.SAE:DSD_POPULATION@DF_POP_HIST(1.0),,I,FRA,,POP,,PS,,_T,,Y40T44,,H,,2024,,4363905,,A,,0,,0,
DATAFLOW,OECD.ELS.SAE:DSD_POPULATION@DF_POP_HIST(1.0),,I,FRA,,POP,,PS,,_T,,Y_LT20,,H,,2024,,15797010,,A,,0,,0,
DATAFLOW,OECD.ELS.SAE:DSD_POPULATION@DF_POP_HIST(1.0),,I,FRA,,POP,,PS,,_T,,Y30T34,,H,,2024,,4072041,,A,,0,,0,
DATAFLOW,OECD.ELS.SAE:DSD_POPULATION@DF_POP_HIST(1.0),,I,FRA,,POP,,PS,,_T,,Y10T14,,H,,2024,,4256935,,A,,0,,0,
DATAFLOW,OECD.ELS.SAE:DSD_POPULATION@DF_POP_HIST(1.0),,I,FRA,,POP,,PS,,_T,,Y75T79,,H,,2024,,3053774,,A,,0,,0,
DATAFLOW,OECD.ELS.SAE:DSD_POPULATION@DF_POP_HIST(1.0),,I,FRA,,POP,,PS,,_T,,Y80T84,,H,,2024,,1833666,,A,,0,,0,
DATAFLOW,OECD.ELS.SAE:DSD_POPULATION@DF_POP_HIST(1.0),,I,FRA,,POP,,PS,,_T,,Y15T19,,H,,2024,,4270944,,A,,0,,0,
DATAFLOW,OECD.ELS.SAE:DSD_POPULATION@DF_POP_HIST(1.0),,I,DEU,,POP,,PS,,_T,,Y55T59,,H,,2024,,6648686,,A,,0,,0,
DATAFLOW,OECD.ELS.SAE:DSD_POPULATION@DF_POP_HIST(1.0),,I,DEU,,POP,,PS,,_T,,Y20T24,,H,,2024,,4406914,,A,,0,,0,
DATAFLOW,OECD.ELS.SAE:DSD_POPULATION@DF_POP_HIST(1.0),,I,DEU,,POP,,PS,,_T,,Y35T39,,H,,2024,,5637155,,A,,0,,0,
DATAFLOW,OECD.ELS.SAE:DSD_POPULATION@DF_POP_HIST(1.0),,I,DEU,,POP,,PS,,_T,,Y15T64,,H,,2024,,53124946,,A,,0,,0,
DATAFLOW,OECD.ELS.SAE:DSD_POPULATION@DF_POP_HIST(1.0),,I,DEU,,POP,,PS,,_T,,Y25T29,,H,,2024,,4954200,,A,,0,,0,
DATAFLOW,OECD.ELS.SAE:DSD_POPULATION@DF_POP_HIST(1.0),,I,DEU,,POP,,PS,,_T,,Y80T84,,H,,2024,,3110037,,A,,0,,0,
DATAFLOW,OECD.ELS.SAE:DSD_POPULATION@DF_POP_HIST(1.0),,I,DEU,,POP,,PS,,_T,,Y30T34,,H,,2024,,5320447,,A,,0,,0,
DATAFLOW,OECD.ELS.SAE:DSD_POPULATION@DF_POP_HIST(1.0),,I,DEU,,POP,,PS,,_T,,Y_LE4,,H,,2024,,3759835,,A,,0,,0,
DATAFLOW,OECD.ELS.SAE:DSD_POPULATION@DF_POP_HIST(1.0),,I,DEU,,POP,,PS,,_T,,Y_LT20,,H,,2024,,15617896,,A,,0,,0,
DATAFLOW,OECD.ELS.SAE:DSD_POPULATION@DF_POP_HIST(1.0),,I,DEU,,POP,,PS,,_T,,Y_GE85,,H,,2024,,2926134,,A,,0,,0,
DATAFLOW,OECD.ELS.SAE:DSD_POPULATION@DF_POP_HIST(1.0),,I,DEU,,POP,,PS,,_T,,Y45T49,,H,,2024,,4941090,,A,,0,,0,
DATAFLOW,OECD.ELS.SAE:DSD_POPULATION@DF_POP_HIST(1.0),,I,DEU,,POP,,PS,,_T,,Y20T64,,H,,2024,,49160972,,A,,0,,0,
DATAFLOW,OECD.ELS.SAE:DSD_POPULATION@DF_POP_HIST(1.0),,I,DEU,,POP,,PS,,_T,,_T,,H,,2024,,83620575,,A,,0,,0,
DATAFLOW,OECD.ELS.SAE:DSD_POPULATION@DF_POP_HIST(1.0),,I,DEU,,POP,,PS,,_T,,Y15T19,,H,,2024,,3963974,,A,,0,,0,
DATAFLOW,OECD.ELS.SAE:DSD_POPULATION@DF_POP_HIST(1.0),,I,DEU,,POP,,PS,,_T,,Y_GE50,,H,,2024,,37324754,,A,,0,,0,
DATAFLOW,OECD.ELS.SAE:DSD_POPULATION@DF_POP_HIST(1.0),,I,DEU,,POP,,PS,,_T,,Y70T74,,H,,2024,,4415981,,A,,0,,0,
DATAFLOW,OECD.ELS.SAE:DSD_POPULATION@DF_POP_HIST(1.0),,I,DEU,,POP,,PS,,_T,,Y5T9,,H,,2024,,4038917,,A,,0,,0,
DATAFLOW,OECD.ELS.SAE:DSD_POPULATION@DF_POP_HIST(1.0),,I,DEU,,POP,,PS,,_T,,Y_GE65,,H,,2024,,18841707,,A,,0,,0,
DATAFLOW,OECD.ELS.SAE:DSD_POPULATION@DF_POP_HIST(1.0),,I,DEU,,POP,,PS,,_T,,Y60T64,,H,,2024,,6412570,,A,,0,,0,
DATAFLOW,OECD.ELS.SAE:DSD_POPULATION@DF_POP_HIST(1.0),,I,DEU,,POP,,PS,,_T,,Y75T79,,H,,2024,,3136931,,A,,0,,0,
DATAFLOW,OECD.ELS.SAE:DSD_POPULATION@DF_POP_HIST(1.0),,I,DEU,,POP,,PS,,_T,,Y40T44,,H,,2024,,5418119,,A,,0,,0,
DATAFLOW,OECD.ELS.SAE:DSD_POPULATION@DF_POP_HIST(1.0),,I,DEU,,POP,,PS,,_T,,Y10T14,,H,,2024,,3855170,,A,,0,,0,
DATAFLOW,OECD.ELS.SAE:DSD_POPULATION@DF_POP_HIST(1.0),,I,DEU,,POP,,PS,,_T,,Y50T54,,H,,2024,,5421791,,A,,0,,0,
DATAFLOW,OECD.ELS.SAE:DSD_POPULATION@DF_POP_HIST(1.0),,I,GRC,,POP,,PS,,_T,,Y20T64,,H,,2024,,6048977,,A,,0,,0,
DATAFLOW,OECD.ELS.SAE:DSD_POPULATION@DF_POP_HIST(1.0),,I,GRC,,POP,,PS,,_T,,Y20T24,,H,,2024,,540306,,A,,0,,0,
DATAFLOW,OECD.ELS.SAE:DSD_POPULATION@DF_POP_HIST(1.0),,I,GRC,,POP,,PS,,_T,,Y45T49,,H,,2024,,802131,,A,,0,,0,
DATAFLOW,OECD.ELS.SAE:DSD_POPULATION@DF_POP_HIST(1.0),,I,GRC,,POP,,PS,,_T,,Y_LE4,,H,,2024,,391538,,A,,0,,0,
DATAFLOW,OECD.ELS.SAE:DSD_POPULATION@DF_POP_HIST(1.0),,I,GRC,,POP,,PS,,_T,,Y80T84,,H,,2024,,330457,,A,,0,,0,
DATAFLOW,OECD.ELS.SAE:DSD_POPULATION@DF_POP_HIST(1.0),,I,GRC,,POP,,PS,,_T,,Y30T34,,H,,2024,,544483,,A,,0,,0,
DATAFLOW,OECD.ELS.SAE:DSD_POPULATION@DF_POP_HIST(1.0),,I,GRC,,POP,,PS,,_T,,Y10T14,,H,,2024,,505381,,A,,0,,0,
DATAFLOW,OECD.ELS.SAE:DSD_POPULATION@DF_POP_HIST(1.0),,I,GRC,,POP,,PS,,_T,,Y_LT20,,H,,2024,,1897924,,A,,0,,0,
DATAFLOW,OECD.ELS.SAE:DSD_POPULATION@DF_POP_HIST(1.0),,I,GRC,,POP,,PS,,_T,,_T,,H,,2024,,10392589,,A,,0,,0,
DATAFLOW,OECD.ELS.SAE:DSD_POPULATION@DF_POP_HIST(1.0),,I,GRC,,POP,,PS,,_T,,Y_GE50,,H,,2024,,4722687,,A,,0,,0,
DATAFLOW,OECD.ELS.SAE:DSD_POPULATION@DF_POP_HIST(1.0),,I,GRC,,POP,,PS,,_T,,Y60T64,,H,,2024,,703179,,A,,0,,0,
DATAFLOW,OECD.ELS.SAE:DSD_POPULATION@DF_POP_HIST(1.0),,I,GRC,,POP,,PS,,_T,,Y75T79,,H,,2024,,493901,,A,,0,,0,
DATAFLOW,OECD.ELS.SAE:DSD_POPULATION@DF_POP_HIST(1.0),,I,GRC,,POP,,PS,,_T,,Y40T44,,H,,2024,,755551,,A,,0,,0,
DATAFLOW,OECD.ELS.SAE:DSD_POPULATION@DF_POP_HIST(1.0),,I,GRC,,POP,,PS,,_T,,Y25T29,,H,,2024,,518085,,A,,0,,0,
DATAFLOW,OECD.ELS.SAE:DSD_POPULATION@DF_POP_HIST(1.0),,I,GRC,,POP,,PS,,_T,,Y_GE65,,H,,2024,,2445688,,A,,0,,0,
DATAFLOW,OECD.ELS.SAE:DSD_POPULATION@DF_POP_HIST(1.0),,I,GRC,,POP,,PS,,_T,,Y15T19,,H,,2024,,555415,,A,,0,,0,
DATAFLOW,OECD.ELS.SAE:DSD_POPULATION@DF_POP_HIST(1.0),,I,GRC,,POP,,PS,,_T,,Y15T64,,H,,2024,,6604392,,A,,0,,0,
DATAFLOW,OECD.ELS.SAE:DSD_POPULATION@DF_POP_HIST(1.0),,I,GRC,,POP,,PS,,_T,,Y50T54,,H,,2024,,788980,,A,,0,,0,
DATAFLOW,OECD.ELS.SAE:DSD_POPULATION@DF_POP_HIST(1.0),,I,GRC,,POP,,PS,,_T,,Y70T74,,H,,2024,,562012,,A,,0,,0,
DATAFLOW,OECD.ELS.SAE:DSD_POPULATION@DF_POP_HIST(1.0),,I,GRC,,POP,,PS,,_T,,Y35T39,,H,,2024,,611422,,A,,0,,0,
DATAFLOW,OECD.ELS.SAE:DSD_POPULATION@DF_POP_HIST(1.0),,I,GRC,,POP,,PS,,_T,,Y_GE85,,H,,2024,,404349,,A,,0,,0,
DATAFLOW,OECD.ELS.SAE:DSD_POPULATION@DF_POP_HIST(1.0),,I,GRC,,POP,,PS,,_T,,Y55T59,,H,,2024,,784840,,A,,0,,0,
DATAFLOW,OECD.ELS.SAE:DSD_POPULATION@DF_POP_HIST(1.0),,I,GRC,,POP,,PS,,_T,,Y65T69,,H,,2024,,654969,,A,,0,,0,
DATAFLOW,OECD.ELS.SAE:DSD_POPULATION@DF_POP_HIST(1.0),,I,HUN,,POP,,PS,,_T,,Y75T79,,H,,2024,,384694,,A,,0,,0,
DATAFLOW,OECD.ELS.SAE:DSD_POPULATION@DF_POP_HIST(1.0),,I,HUN,,POP,,PS,,_T,,Y_LE4,,H,,2024,,455876,,A,,0,,0,
DATAFLOW,OECD.ELS.SAE:DSD_POPULATION@DF_POP_HIST(1.0),,I,HUN,,POP,,PS,,_T,,Y_GE85,,H,,2024,,188882,,A,,0,,0,
DATAFLOW,OECD.ELS.SAE:DSD_POPULATION@DF_POP_HIST(1.0),,I,HUN,,POP,,PS,,_T,,Y25T29,,H,,2024,,547182,,A,,0,,0,
DATAFLOW,OECD.ELS.SAE:DSD_POPULATION@DF_POP_HIST(1.0),,I,HUN,,POP,,PS,,_T,,Y80T84,,H,,2024,,262904,,A,,0,,0,
DATAFLOW,OECD.ELS.SAE:DSD_POPULATION@DF_POP_HIST(1.0),,I,HUN,,POP,,PS,,_T,,Y20T64,,H,,2024,,5713940,,A,,0,,0,
DATAFLOW,OECD.ELS.SAE:DSD_POPULATION@DF_POP_HIST(1.0),,I,HUN,,POP,,PS,,_T,,Y_GE50,,H,,2024,,3882741,,A,,0,,0,
DATAFLOW,OECD.ELS.SAE:DSD_POPULATION@DF_POP_HIST(1.0),,I,HUN,,POP,,PS,,_T,,Y50T54,,H,,2024,,724626,,A,,0,,0,
DATAFLOW,OECD.ELS.SAE:DSD_POPULATION@DF_POP_HIST(1.0),,I,HUN,,POP,,PS,,_T,,Y15T64,,H,,2024,,6207418,,A,,0,,0,
DATAFLOW,OECD.ELS.SAE:DSD_POPULATION@DF_POP_HIST(1.0),,I,HUN,,POP,,PS,,_T,,Y35T39,,H,,2024,,623761,,A,,0,,0,
DATAFLOW,OECD.ELS.SAE:DSD_POPULATION@DF_POP_HIST(1.0),,I,HUN,,POP,,PS,,_T,,Y_GE65,,H,,2024,,1986622,,A,,0,,0,
DATAFLOW,OECD.ELS.SAE:DSD_POPULATION@DF_POP_HIST(1.0),,I,HUN,,POP,,PS,,_T,,Y60T64,,H,,2024,,540916,,A,,0,,0,
DATAFLOW,OECD.ELS.SAE:DSD_POPULATION@DF_POP_HIST(1.0),,I,HUN,,POP,,PS,,_T,,Y40T44,,H,,2024,,668948,,A,,0,,0,
DATAFLOW,OECD.ELS.SAE:DSD_POPULATION@DF_POP_HIST(1.0),,I,HUN,,POP,,PS,,_T,,Y65T69,,H,,2024,,607230,,A,,0,,0,
DATAFLOW,OECD.ELS.SAE:DSD_POPULATION@DF_POP_HIST(1.0),,I,HUN,,POP,,PS,,_T,,Y_LT20,,H,,2024,,1875192,,A,,0,,0,
DATAFLOW,OECD.ELS.SAE:DSD_POPULATION@DF_POP_HIST(1.0),,I,HUN,,POP,,PS,,_T,,Y5T9,,H,,2024,,470654,,A,,0,,0,
DATAFLOW,OECD.ELS.SAE:DSD_POPULATION@DF_POP_HIST(1.0),,I,HUN,,POP,,PS,,_T,,Y45T49,,H,,2024,,844271,,A,,0,,0,
DATAFLOW,OECD.ELS.SAE:DSD_POPULATION@DF_POP_HIST(1.0),,I,HUN,,POP,,PS,,_T,,Y70T74,,H,,2024,,542912,,A,,0,,0,
DATAFLOW,OECD.ELS.SAE:DSD_POPULATION@DF_POP_HIST(1.0),,I,HUN,,POP,,PS,,_T,,Y30T34,,H,,2024,,616788,,A,,0,,0,
DATAFLOW,OECD.ELS.SAE:DSD_POPULATION@DF_POP_HIST(1.0),,I,HUN,,POP,,PS,,_T,,Y55T59,,H,,2024,,630577,,A,,0,,0,
DATAFLOW,OECD.ELS.SAE:DSD_POPULATION@DF_POP_HIST(1.0),,I,HUN,,POP,,PS,,_T,,Y20T24,,H,,2024,,516871,,A,,0,,0,
DATAFLOW,OECD.ELS.SAE:DSD_POPULATION@DF_POP_HIST(1.0),,I,HUN,,POP,,PS,,_T,,Y15T19,,H,,2024,,493478,,A,,0,,0,
DATAFLOW,OECD.ELS.SAE:DSD_POPULATION@DF_POP_HIST(1.0),,I,HUN,,POP,,PS,,_T,,Y10T14,,H,,2024,,455184,,A,,0,,0,
DATAFLOW,OECD.ELS.SAE:DSD_POPULATION@DF_POP_HIST(1.0),,I,ISL,,POP,,PS,,_T,,Y15T19,,H,,2024,,24769,,A,,0,,0,
DATAFLOW,OECD.ELS.SAE:DSD_POPULATION@DF_POP_HIST(1.0),,I,ISL,,POP,,PS,,_T,,Y75T79,,H,,2024,,11933,,A,,0,,0,
DATAFLOW,OECD.ELS.SAE:DSD_POPULATION@DF_POP_HIST(1.0),,I,ISL,,POP,,PS,,_T,,Y_LT20,,H,,2024,,94642,,A,,0,,0,
DATAFLOW,OECD.ELS.SAE:DSD_POPULATION@DF_POP_HIST(1.0),,I,ISL,,POP,,PS,,_T,,Y_GE50,,H,,2024,,126852,,A,,0,,0,
DATAFLOW,OECD.ELS.SAE:DSD_POPULATION@DF_POP_HIST(1.0),,I,ISL,,POP,,PS,,_T,,Y25T29,,H,,2024,,29150,,A,,0,,0,
DATAFLOW,OECD.ELS.SAE:DSD_POPULATION@DF_POP_HIST(1.0),,I,ISL,,POP,,PS,,_T,,Y20T64,,H,,2024,,231185,,A,,0,,0,
DATAFLOW,OECD.ELS.SAE:DSD_POPULATION@DF_POP_HIST(1.0),,I,ISL,,POP,,PS,,_T,,Y50T54,,H,,2024,,23013,,A,,0,,0,
DATAFLOW,OECD.ELS.SAE:DSD_POPULATION@DF_POP_HIST(1.0),,I,ISL,,POP,,PS,,_T,,Y45T49,,H,,2024,,24249,,A,,0,,0,
DATAFLOW,OECD.ELS.SAE:DSD_POPULATION@DF_POP_HIST(1.0),,I,ISL,,POP,,PS,,_T,,Y60T64,,H,,2024,,21287,,A,,0,,0,
DATAFLOW,OECD.ELS.SAE:DSD_POPULATION@DF_POP_HIST(1.0),,I,ISL,,POP,,PS,,_T,,Y5T9,,H,,2024,,22330,,A,,0,,0,
DATAFLOW,OECD.ELS.SAE:DSD_POPULATION@DF_POP_HIST(1.0),,I,ISL,,POP,,PS,,_T,,Y15T64,,H,,2024,,255954,,A,,0,,0,
DATAFLOW,OECD.ELS.SAE:DSD_POPULATION@DF_POP_HIST(1.0),,I,ISL,,POP,,PS,,_T,,Y70T74,,H,,2024,,15709,,A,,0,,0,
DATAFLOW,OECD.ELS.SAE:DSD_POPULATION@DF_POP_HIST(1.0),,I,ISL,,POP,,PS,,_T,,Y_GE65,,H,,2024,,60756,,A,,0,,0,
DATAFLOW,OECD.ELS.SAE:DSD_POPULATION@DF_POP_HIST(1.0),,I,ISL,,POP,,PS,,_T,,Y30T34,,H,,2024,,31726,,A,,0,,0,
DATAFLOW,OECD.ELS.SAE:DSD_POPULATION@DF_POP_HIST(1.0),,I,ISL,,POP,,PS,,_T,,Y_LE4,,H,,2024,,22870,,A,,0,,0,
DATAFLOW,OECD.ELS.SAE:DSD_POPULATION@DF_POP_HIST(1.0),,I,ISL,,POP,,PS,,_T,,Y20T24,,H,,2024,,25270,,A,,0,,0,
DATAFLOW,OECD.ELS.SAE:DSD_POPULATION@DF_POP_HIST(1.0),,I,ISL,,POP,,PS,,_T,,Y80T84,,H,,2024,,7342,,A,,0,,0,
DATAFLOW,OECD.ELS.SAE:DSD_POPULATION@DF_POP_HIST(1.0),,I,ISL,,POP,,PS,,_T,,_T,,H,,2024,,386583,,A,,0,,0,
DATAFLOW,OECD.ELS.SAE:DSD_POPULATION@DF_POP_HIST(1.0),,I,ISL,,POP,,PS,,_T,,Y55T59,,H,,2024,,21796,,A,,0,,0,
DATAFLOW,OECD.ELS.SAE:DSD_POPULATION@DF_POP_HIST(1.0),,I,ISL,,POP,,PS,,_T,,Y10T14,,H,,2024,,24673,,A,,0,,0,
DATAFLOW,OECD.ELS.SAE:DSD_POPULATION@DF_POP_HIST(1.0),,I,ISL,,POP,,PS,,_T,,Y_GE85,,H,,2024,,6622,,A,,0,,0,
DATAFLOW,OECD.ELS.SAE:DSD_POPULATION@DF_POP_HIST(1.0),,I,ISL,,POP,,PS,,_T,,Y40T44,,H,,2024,,26848,,A,,0,,0,
DATAFLOW,OECD.ELS.SAE:DSD_POPULATION@DF_POP_HIST(1.0),,I,ISL,,POP,,PS,,_T,,Y65T69,,H,,2024,,19150,,A,,0,,0,
DATAFLOW,OECD.ELS.SAE:DSD_POPULATION@DF_POP_HIST(1.0),,I,IRL,,POP,,PS,,_T,,Y5T9,,H,,2024,,335344,,A,,0,,0,
DATAFLOW,OECD.ELS.SAE:DSD_POPULATION@DF_POP_HIST(1.0),,I,IRL,,POP,,PS,,_T,,Y40T44,,H,,2024,,434989,,A,,0,,0,
DATAFLOW,OECD.ELS.SAE:DSD_POPULATION@DF_POP_HIST(1.0),,I,IRL,,POP,,PS,,_T,,Y75T79,,H,,2024,,169164,,A,,0,,0,
DATAFLOW,OECD.ELS.SAE:DSD_POPULATION@DF_POP_HIST(1.0),,I,IRL,,POP,,PS,,_T,,Y_GE50,,H,,2024,,1815825,,A,,0,,0,
DATAFLOW,OECD.ELS.SAE:DSD_POPULATION@DF_POP_HIST(1.0),,I,IRL,,POP,,PS,,_T,,Y35T39,,H,,2024,,382884,,A,,0,,0,
DATAFLOW,OECD.ELS.SAE:DSD_POPULATION@DF_POP_HIST(1.0),,I,IRL,,POP,,PS,,_T,,Y50T54,,H,,2024,,365079,,A,,0,,0,
DATAFLOW,OECD.ELS.SAE:DSD_POPULATION@DF_POP_HIST(1.0),,I,IRL,,POP,,PS,,_T,,Y20T24,,H,,2024,,322198,,A,,0,,0,
DATAFLOW,OECD.ELS.SAE:DSD_POPULATION@DF_POP_HIST(1.0),,I,IRL,,POP,,PS,,_T,,Y60T64,,H,,2024,,295158,,A,,0,,0,
DATAFLOW,OECD.ELS.SAE:DSD_POPULATION@DF_POP_HIST(1.0),,I,IRL,,POP,,PS,,_T,,Y10T14,,H,,2024,,381824,,A,,0,,0,
DATAFLOW,OECD.ELS.SAE:DSD_POPULATION@DF_POP_HIST(1.0),,I,IRL,,POP,,PS,,_T,,Y45T49,,H,,2024,,393569,,A,,0,,0,
DATAFLOW,OECD.ELS.SAE:DSD_POPULATION@DF_POP_HIST(1.0),,I,IRL,,POP,,PS,,_T,,Y_GE65,,H,,2024,,833209,,A,,0,,0,
DATAFLOW,OECD.ELS.SAE:DSD_POPULATION@DF_POP_HIST(1.0),,I,IRL,,POP,,PS,,_T,,Y15T64,,H,,2024,,3536767,,A,,0,,0,
DATAFLOW,OECD.ELS.SAE:DSD_POPULATION@DF_POP_HIST(1.0),,I,IRL,,POP,,PS,,_T,,Y_LE4,,H,,2024,,293169,,A,,0,,0,
DATAFLOW,OECD.ELS.SAE:DSD_POPULATION@DF_POP_HIST(1.0),,I,IRL,,POP,,PS,,_T,,Y70T74,,H,,2024,,214650,,A,,0,,0,
DATAFLOW,OECD.ELS.SAE:DSD_POPULATION@DF_POP_HIST(1.0),,I,IRL,,POP,,PS,,_T,,Y25T29,,H,,2024,,320158,,A,,0,,0,
DATAFLOW,OECD.ELS.SAE:DSD_POPULATION@DF_POP_HIST(1.0),,I,IRL,,POP,,PS,,_T,,_T,,H,,2024,,5380313,,A,,0,,0,
DATAFLOW,OECD.ELS.SAE:DSD_POPULATION@DF_POP_HIST(1.0),,I,IRL,,POP,,PS,,_T,,Y65T69,,H,,2024,,251332,,A,,0,,0,
DATAFLOW,OECD.ELS.SAE:DSD_POPULATION@DF_POP_HIST(1.0),,I,IRL,,POP,,PS,,_T,,Y_GE85,,H,,2024,,91204,,A,,0,,0,
DATAFLOW,OECD.ELS.SAE:DSD_POPULATION@DF_POP_HIST(1.0),,I,IRL,,POP,,PS,,_T,,Y20T64,,H,,2024,,3177747,,A,,0,,0,
DATAFLOW,OECD.ELS.SAE:DSD_POPULATION@DF_POP_HIST(1.0),,I,IRL,,POP,,PS,,_T,,Y80T84,,H,,2024,,106859,,A,,0,,0,
DATAFLOW,OECD.ELS.SAE:DSD_POPULATION@DF_POP_HIST(1.0),,I,IRL,,POP,,PS,,_T,,Y30T34,,H,,2024,,341333,,A,,0,,0,
DATAFLOW,OECD.ELS.SAE:DSD_POPULATION@DF_POP_HIST(1.0),,I,IRL,,POP,,PS,,_T,,Y_LT20,,H,,2024,,1369357,,A,,0,,0,
DATAFLOW,OECD.ELS.SAE:DSD_POPULATION@DF_POP_HIST(1.0),,I,IRL,,POP,,PS,,_T,,Y15T19,,H,,2024,,359020,,A,,0,,0,
DATAFLOW,OECD.ELS.SAE:DSD_POPULATION@DF_POP_HIST(1.0),,I,ISR,,POP,,PS,,_T,,Y40T44,,H,,2024,,546105,,A,,0,,0,
DATAFLOW,OECD.ELS.SAE:DSD_POPULATION@DF_POP_HIST(1.0),,I,ISR,,POP,,PS,,_T,,Y_GE65,,H,,2024,,1287985,,A,,0,,0,
DATAFLOW,OECD.ELS.SAE:DSD_POPULATION@DF_POP_HIST(1.0),,I,ISR,,POP,,PS,,_T,,Y25T29,,H,,2024,,643825,,A,,0,,0,
DATAFLOW,OECD.ELS.SAE:DSD_POPULATION@DF_POP_HIST(1.0),,I,ISR,,POP,,PS,,_T,,Y_LE4,,H,,2024,,909227,,A,,0,,0,
DATAFLOW,OECD.ELS.SAE:DSD_POPULATION@DF_POP_HIST(1.0),,I,ISR,,POP,,PS,,_T,,Y75T79,,H,,2024,,263403,,A,,0,,0,
DATAFLOW,OECD.ELS.SAE:DSD_POPULATION@DF_POP_HIST(1.0),,I,ISR,,POP,,PS,,_T,,Y_GE85,,H,,2024,,179116,,A,,0,,0,
DATAFLOW,OECD.ELS.SAE:DSD_POPULATION@DF_POP_HIST(1.0),,I,ISR,,POP,,PS,,_T,,Y80T84,,H,,2024,,142564,,A,,0,,0,
DATAFLOW,OECD.ELS.SAE:DSD_POPULATION@DF_POP_HIST(1.0),,I,ISR,,POP,,PS,,_T,,Y20T24,,H,,2024,,717833,,A,,0,,0,
DATAFLOW,OECD.ELS.SAE:DSD_POPULATION@DF_POP_HIST(1.0),,I,ISR,,POP,,PS,,_T,,Y20T64,,H,,2024,,4972033,,A,,0,,0,
DATAFLOW,OECD.ELS.SAE:DSD_POPULATION@DF_POP_HIST(1.0),,I,ISR,,POP,,PS,,_T,,Y15T19,,H,,2024,,772635,,A,,0,,0,
DATAFLOW,OECD.ELS.SAE:DSD_POPULATION@DF_POP_HIST(1.0),,I,ISR,,POP,,PS,,_T,,Y45T49,,H,,2024,,547209,,A,,0,,0,
DATAFLOW,OECD.ELS.SAE:DSD_POPULATION@DF_POP_HIST(1.0),,I,ISR,,POP,,PS,,_T,,Y65T69,,H,,2024,,366771,,A,,0,,0,
DATAFLOW,OECD.ELS.SAE:DSD_POPULATION@DF_POP_HIST(1.0),,I,ISR,,POP,,PS,,_T,,Y35T39,,H,,2024,,590018,,A,,0,,0,
DATAFLOW,OECD.ELS.SAE:DSD_POPULATION@DF_POP_HIST(1.0),,I,ISR,,POP,,PS,,_T,,Y55T59,,H,,2024,,422721,,A,,0,,0,
DATAFLOW,OECD.ELS.SAE:DSD_POPULATION@DF_POP_HIST(1.0),,I,ISR,,POP,,PS,,_T,,Y50T54,,H,,2024,,501719,,A,,0,,0,
DATAFLOW,OECD.ELS.SAE:DSD_POPULATION@DF_POP_HIST(1.0),,I,ISR,,POP,,PS,,_T,,_T,,H,,2024,,9707142,,A,,0,,0,
DATAFLOW,OECD.ELS.SAE:DSD_POPULATION@DF_POP_HIST(1.0),,I,ISR,,POP,,PS,,_T,,Y10T14,,H,,2024,,849875,,A,,0,,0,
DATAFLOW,OECD.ELS.SAE:DSD_POPULATION@DF_POP_HIST(1.0),,I,ISR,,POP,,PS,,_T,,Y_LT20,,H,,2024,,3447124,,A,,0,,0,
DATAFLOW,OECD.ELS.SAE:DSD_POPULATION@DF_POP_HIST(1.0),,I,ISR,,POP,,PS,,_T,,Y70T74,,H,,2024,,336131,,A,,0,,0,
DATAFLOW,OECD.ELS.SAE:DSD_POPULATION@DF_POP_HIST(1.0),,I,ISR,,POP,,PS,,_T,,Y5T9,,H,,2024,,915387,,A,,0,,0,
DATAFLOW,OECD.ELS.SAE:DSD_POPULATION@DF_POP_HIST(1.0),,I,ISR,,POP,,PS,,_T,,Y60T64,,H,,2024,,389690,,A,,0,,0,
DATAFLOW,OECD.ELS.SAE:DSD_POPULATION@DF_POP_HIST(1.0),,I,ISR,,POP,,PS,,_T,,Y30T34,,H,,2024,,612913,,A,,0,,0,
DATAFLOW,OECD.ELS.SAE:DSD_POPULATION@DF_POP_HIST(1.0),,I,ISR,,POP,,PS,,_T,,Y_GE50,,H,,2024,,2602115,,A,,0,,0,
DATAFLOW,OECD.ELS.SAE:DSD_POPULATION@DF_POP_HIST(1.0),,I,ITA,,POP,,PS,,_T,,Y_GE65,,H,,2024,,14464951,,A,,0,,0,
DATAFLOW,OECD.ELS.SAE:DSD_POPULATION@DF_POP_HIST(1.0),,I,ITA,,POP,,PS,,_T,,Y60T64,,H,,2024,,4367155,,A,,0,,0,
DATAFLOW,OECD.ELS.SAE:DSD_POPULATION@DF_POP_HIST(1.0),,I,ITA,,POP,,PS,,_T,,Y35T39,,H,,2024,,3349928,,A,,0,,0,
DATAFLOW,OECD.ELS.SAE:DSD_POPULATION@DF_POP_HIST(1.0),,I,ITA,,POP,,PS,,_T,,Y65T69,,H,,2024,,3706894,,A,,0,,0,
DATAFLOW,OECD.ELS.SAE:DSD_POPULATION@DF_POP_HIST(1.0),,I,ITA,,POP,,PS,,_T,,Y_LT20,,H,,2024,,10024582,,A,,0,,0,
DATAFLOW,OECD.ELS.SAE:DSD_POPULATION@DF_POP_HIST(1.0),,I,ITA,,POP,,PS,,_T,,Y40T44,,H,,2024,,3648392,,A,,0,,0,
DATAFLOW,OECD.ELS.SAE:DSD_POPULATION@DF_POP_HIST(1.0),,I,ITA,,POP,,PS,,_T,,Y20T64,,H,,2024,,34463167,,A,,0,,0,
DATAFLOW,OECD.ELS.SAE:DSD_POPULATION@DF_POP_HIST(1.0),,I,ITA,,POP,,PS,,_T,,_T,,H,,2024,,58952700,,A,,0,,0,
DATAFLOW,OECD.ELS.SAE:DSD_POPULATION@DF_POP_HIST(1.0),,I,ITA,,POP,,PS,,_T,,Y25T29,,H,,2024,,3032004,,A,,0,,0,
DATAFLOW,OECD.ELS.SAE:DSD_POPULATION@DF_POP_HIST(1.0),,I,ITA,,POP,,PS,,_T,,Y5T9,,H,,2024,,2376273,,A,,0,,0,
DATAFLOW,OECD.ELS.SAE:DSD_POPULATION@DF_POP_HIST(1.0),,I,ITA,,POP,,PS,,_T,,Y45T49,,H,,2024,,4294066,,A,,0,,0,
DATAFLOW,OECD.ELS.SAE:DSD_POPULATION@DF_POP_HIST(1.0),,I,ITA,,POP,,PS,,_T,,Y_GE85,,H,,2024,,2371056,,A,,0,,0,
DATAFLOW,OECD.ELS.SAE:DSD_POPULATION@DF_POP_HIST(1.0),,I,ITA,,POP,,PS,,_T,,Y_LE4,,H,,2024,,2007103,,A,,0,,0,
DATAFLOW,OECD.ELS.SAE:DSD_POPULATION@DF_POP_HIST(1.0),,I,ITA,,POP,,PS,,_T,,Y50T54,,H,,2024,,4755663,,A,,0,,0,
DATAFLOW,OECD.ELS.SAE:DSD_POPULATION@DF_POP_HIST(1.0),,I,ITA,,POP,,PS,,_T,,Y70T74,,H,,2024,,3254573,,A,,0,,0,
DATAFLOW,OECD.ELS.SAE:DSD_POPULATION@DF_POP_HIST(1.0),,I,ITA,,POP,,PS,,_T,,Y80T84,,H,,2024,,2196277,,A,,0,,0,
DATAFLOW,OECD.ELS.SAE:DSD_POPULATION@DF_POP_HIST(1.0),,I,ITA,,POP,,PS,,_T,,Y10T14,,H,,2024,,2719341,,A,,0,,0,
DATAFLOW,OECD.ELS.SAE:DSD_POPULATION@DF_POP_HIST(1.0),,I,ITA,,POP,,PS,,_T,,Y30T34,,H,,2024,,3208516,,A,,0,,0,
DATAFLOW,OECD.ELS.SAE:DSD_POPULATION@DF_POP_HIST(1.0),,I,ITA,,POP,,PS,,_T,,Y15T19,,H,,2024,,2921865,,A,,0,,0,
DATAFLOW,OECD.ELS.SAE:DSD_POPULATION@DF_POP_HIST(1.0),,I,ITA,,POP,,PS,,_T,,Y55T59,,H,,2024,,4837884,,A,,0,,0,
DATAFLOW,OECD.ELS.SAE:DSD_POPULATION@DF_POP_HIST(1.0),,I,ITA,,POP,,PS,,_T,,Y20T24,,H,,2024,,2969559,,A,,0,,0,
DATAFLOW,OECD.ELS.SAE:DSD_POPULATION@DF_POP_HIST(1.0),,I,ITA,,POP,,PS,,_T,,Y15T64,,H,,2024,,37385032,,A,,0,,0,
DATAFLOW,OECD.ELS.SAE:DSD_POPULATION@DF_POP_HIST(1.0),,I,ITA,,POP,,PS,,_T,,Y75T79,,H,,2024,,2936151,,A,,0,,0,
DATAFLOW,OECD.ELS.SAE:DSD_POPULATION@DF_POP_HIST(1.0),,I,JPN,,POP,,PS,,_T,,Y_GE50,,H,,2024,,62092937,,A,,0,,0,
DATAFLOW,OECD.ELS.SAE:DSD_POPULATION@DF_POP_HIST(1.0),,I,JPN,,POP,,PS,,_T,,Y65T69,,H,,2024,,7267693,,A,,0,,0,
DATAFLOW,OECD.ELS.SAE:DSD_POPULATION@DF_POP_HIST(1.0),,I,JPN,,POP,,PS,,_T,,Y75T79,,H,,2024,,7885706,,A,,0,,0,
DATAFLOW,OECD.ELS.SAE:DSD_POPULATION@DF_POP_HIST(1.0),,I,JPN,,POP,,PS,,_T,,Y_GE65,,H,,2024,,36243370,,A,,0,,0,
DATAFLOW,OECD.ELS.SAE:DSD_POPULATION@DF_POP_HIST(1.0),,I,JPN,,POP,,PS,,_T,,Y20T24,,H,,2024,,6259969,,A,,0,,0,
DATAFLOW,OECD.ELS.SAE:DSD_POPULATION@DF_POP_HIST(1.0),,I,JPN,,POP,,PS,,_T,,Y_GE85,,H,,2024,,6754103,,A,,0,,0,
DATAFLOW,OECD.ELS.SAE:DSD_POPULATION@DF_POP_HIST(1.0),,I,JPN,,POP,,PS,,_T,,Y40T44,,H,,2024,,7630859,,A,,0,,0,
DATAFLOW,OECD.ELS.SAE:DSD_POPULATION@DF_POP_HIST(1.0),,I,JPN,,POP,,PS,,_T,,Y_LT20,,H,,2024,,19287347,,A,,0,,0,
DATAFLOW,OECD.ELS.SAE:DSD_POPULATION@DF_POP_HIST(1.0),,I,JPN,,POP,,PS,,_T,,Y25T29,,H,,2024,,6518630,,A,,0,,0,
DATAFLOW,OECD.ELS.SAE:DSD_POPULATION@DF_POP_HIST(1.0),,I,JPN,,POP,,PS,,_T,,Y45T49,,H,,2024,,8745462,,A,,0,,0,
DATAFLOW,OECD.ELS.SAE:DSD_POPULATION@DF_POP_HIST(1.0),,I,JPN,,POP,,PS,,_T,,_T,,H,,2024,,123801750,,A,,0,,0,
DATAFLOW,OECD.ELS.SAE:DSD_POPULATION@DF_POP_HIST(1.0),,I,JPN,,POP,,PS,,_T,,Y20T64,,H,,2024,,68271033,,A,,0,,0,
DATAFLOW,OECD.ELS.SAE:DSD_POPULATION@DF_POP_HIST(1.0),,I,JPN,,POP,,PS,,_T,,Y5T9,,H,,2024,,4710381,,A,,0,,0,
DATAFLOW,OECD.ELS.SAE:DSD_POPULATION@DF_POP_HIST(1.0),,I,JPN,,POP,,PS,,_T,,Y_LE4,,H,,2024,,3934425,,A,,0,,0,
DATAFLOW,OECD.ELS.SAE:DSD_POPULATION@DF_POP_HIST(1.0),,I,JPN,,POP,,PS,,_T,,Y80T84,,H,,2024,,6137507,,A,,0,,0,
DATAFLOW,OECD.ELS.SAE:DSD_POPULATION@DF_POP_HIST(1.0),,I,JPN,,POP,,PS,,_T,,Y15T19,,H,,2024,,5457359,,A,,0,,0,
DATAFLOW,OECD.ELS.SAE:DSD_POPULATION@DF_POP_HIST(1.0),,I,JPN,,POP,,PS,,_T,,Y15T64,,H,,2024,,73728392,,A,,0,,0,
DATAFLOW,OECD.ELS.SAE:DSD_POPULATION@DF_POP_HIST(1.0),,I,JPN,,POP,,PS,,_T,,Y70T74,,H,,2024,,8198361,,A,,0,,0,
DATAFLOW,OECD.ELS.SAE:DSD_POPULATION@DF_POP_HIST(1.0),,I,JPN,,POP,,PS,,_T,,Y35T39,,H,,2024,,6871171,,A,,0,,0,
DATAFLOW,OECD.ELS.SAE:DSD_POPULATION@DF_POP_HIST(1.0),,I,JPN,,POP,,PS,,_T,,Y55T59,,H,,2024,,8489901,,A,,0,,0,
DATAFLOW,OECD.ELS.SAE:DSD_POPULATION@DF_POP_HIST(1.0),,I,JPN,,POP,,PS,,_T,,Y60T64,,H,,2024,,7571355,,A,,0,,0,
DATAFLOW,OECD.ELS.SAE:DSD_POPULATION@DF_POP_HIST(1.0),,I,JPN,,POP,,PS,,_T,,Y50T54,,H,,2024,,9788311,,A,,0,,0,
DATAFLOW,OECD.ELS.SAE:DSD_POPULATION@DF_POP_HIST(1.0),,I,JPN,,POP,,PS,,_T,,Y10T14,,H,,2024,,5185182,,A,,0,,0,
DATAFLOW,OECD.ELS.SAE:DSD_POPULATION@DF_POP_HIST(1.0),,I,KOR,,POP,,PS,,_T,,Y15T64,,H,,2024,,36327585,,A,,0,,0,
DATAFLOW,OECD.ELS.SAE:DSD_POPULATION@DF_POP_HIST(1.0),,I,KOR,,POP,,PS,,_T,,Y_GE85,,H,,2024,,1059652,,A,,0,,0,
DATAFLOW,OECD.ELS.SAE:DSD_POPULATION@DF_POP_HIST(1.0),,I,KOR,,POP,,PS,,_T,,Y15T19,,H,,2024,,2272843,,A,,0,,0,
DATAFLOW,OECD.ELS.SAE:DSD_POPULATION@DF_POP_HIST(1.0),,I,KOR,,POP,,PS,,_T,,Y25T29,,H,,2024,,3533643,,A,,0,,0,
DATAFLOW,OECD.ELS.SAE:DSD_POPULATION@DF_POP_HIST(1.0),,I,KOR,,POP,,PS,,_T,,Y20T24,,H,,2024,,2838789,,A,,0,,0,
DATAFLOW,OECD.ELS.SAE:DSD_POPULATION@DF_POP_HIST(1.0),,I,KOR,,POP,,PS,,_T,,Y65T69,,H,,2024,,3509250,,A,,0,,0,
DATAFLOW,OECD.ELS.SAE:DSD_POPULATION@DF_POP_HIST(1.0),,I,KOR,,POP,,PS,,_T,,Y20T64,,H,,2024,,34054742,,A,,0,,0,
DATAFLOW,OECD.ELS.SAE:DSD_POPULATION@DF_POP_HIST(1.0),,I,KOR,,POP,,PS,,_T,,Y_LE4,,H,,2024,,1296661,,A,,0,,0,
DATAFLOW,OECD.ELS.SAE:DSD_POPULATION@DF_POP_HIST(1.0),,I,KOR,,POP,,PS,,_T,,Y30T34,,H,,2024,,3615767,,A,,0,,0,
DATAFLOW,OECD.ELS.SAE:DSD_POPULATION@DF_POP_HIST(1.0),,I,KOR,,POP,,PS,,_T,,Y50T54,,H,,2024,,4459873,,A,,0,,0,
DATAFLOW,OECD.ELS.SAE:DSD_POPULATION@DF_POP_HIST(1.0),,I,KOR,,POP,,PS,,_T,,Y_GE65,,H,,2024,,9938235,,A,,0,,0,
DATAFLOW,OECD.ELS.SAE:DSD_POPULATION@DF_POP_HIST(1.0),,I,KOR,,POP,,PS,,_T,,Y40T44,,H,,2024,,4023556,,A,,0,,0,
DATAFLOW,OECD.ELS.SAE:DSD_POPULATION@DF_POP_HIST(1.0),,I,KOR,,POP,,PS,,_T,,Y45T49,,H,,2024,,3828741,,A,,0,,0,
DATAFLOW,OECD.ELS.SAE:DSD_POPULATION@DF_POP_HIST(1.0),,I,KOR,,POP,,PS,,_T,,Y_GE50,,H,,2024,,22855225,,A,,0,,0,
DATAFLOW,OECD.ELS.SAE:DSD_POPULATION@DF_POP_HIST(1.0),,I,KOR,,POP,,PS,,_T,,Y60T64,,H,,2024,,4211091,,A,,0,,0,
DATAFLOW,OECD.ELS.SAE:DSD_POPULATION@DF_POP_HIST(1.0),,I,KOR,,POP,,PS,,_T,,Y35T39,,H,,2024,,3297256,,A,,0,,0,
DATAFLOW,OECD.ELS.SAE:DSD_POPULATION@DF_POP_HIST(1.0),,I,KOR,,POP,,PS,,_T,,_T,,H,,2024,,51751065,,A,,0,,0,
DATAFLOW,OECD.ELS.SAE:DSD_POPULATION@DF_POP_HIST(1.0),,I,KOR,,POP,,PS,,_T,,Y55T59,,H,,2024,,4246026,,A,,0,,0,
DATAFLOW,OECD.ELS.SAE:DSD_POPULATION@DF_POP_HIST(1.0),,I,KOR,,POP,,PS,,_T,,Y5T9,,H,,2024,,1914933,,A,,0,,0,
DATAFLOW,OECD.ELS.SAE:DSD_POPULATION@DF_POP_HIST(1.0),,I,KOR,,POP,,PS,,_T,,Y_LT20,,H,,2024,,7758088,,A,,0,,0,
DATAFLOW,OECD.ELS.SAE:DSD_POPULATION@DF_POP_HIST(1.0),,I,KOR,,POP,,PS,,_T,,Y70T74,,H,,2024,,2322783,,A,,0,,0,
DATAFLOW,OECD.ELS.SAE:DSD_POPULATION@DF_POP_HIST(1.0),,I,KOR,,POP,,PS,,_T,,Y10T14,,H,,2024,,2273651,,A,,0,,0,
DATAFLOW,OECD.ELS.SAE:DSD_POPULATION@DF_POP_HIST(1.0),,I,KOR,,POP,,PS,,_T,,Y75T79,,H,,2024,,1723662,,A,,0,,0,
DATAFLOW,OECD.ELS.SAE:DSD_POPULATION@DF_POP_HIST(1.0),,I,LVA,,POP,,PS,,_T,,Y75T79,,H,,2024,,72460,,A,,0,,0,
DATAFLOW,OECD.ELS.SAE:DSD_POPULATION@DF_POP_HIST(1.0),,I,LVA,,POP,,PS,,_T,,Y15T64,,H,,2024,,1176714,,A,,0,,0,
DATAFLOW,OECD.ELS.SAE:DSD_POPULATION@DF_POP_HIST(1.0),,I,LVA,,POP,,PS,,_T,,Y_GE65,,H,,2024,,404438,,A,,0,,0,
DATAFLOW,OECD.ELS.SAE:DSD_POPULATION@DF_POP_HIST(1.0),,I,LVA,,POP,,PS,,_T,,Y_GE50,,H,,2024,,791280,,A,,0,,0,
DATAFLOW,OECD.ELS.SAE:DSD_POPULATION@DF_POP_HIST(1.0),,I,LVA,,POP,,PS,,_T,,Y_LE4,,H,,2024,,81294,,A,,0,,0,
DATAFLOW,OECD.ELS.SAE:DSD_POPULATION@DF_POP_HIST(1.0),,I,LVA,,POP,,PS,,_T,,Y10T14,,H,,2024,,98653,,A,,0,,0,
DATAFLOW,OECD.ELS.SAE:DSD_POPULATION@DF_POP_HIST(1.0),,I,LVA,,POP,,PS,,_T,,Y20T24,,H,,2024,,86272,,A,,0,,0,
DATAFLOW,OECD.ELS.SAE:DSD_POPULATION@DF_POP_HIST(1.0),,I,LVA,,POP,,PS,,_T,,Y55T59,,H,,2024,,124567,,A,,0,,0,
DATAFLOW,OECD.ELS.SAE:DSD_POPULATION@DF_POP_HIST(1.0),,I,LVA,,POP,,PS,,_T,,Y80T84,,H,,2024,,60213,,A,,0,,0,
DATAFLOW,OECD.ELS.SAE:DSD_POPULATION@DF_POP_HIST(1.0),,I,LVA,,POP,,PS,,_T,,Y30T34,,H,,2024,,120564,,A,,0,,0,
DATAFLOW,OECD.ELS.SAE:DSD_POPULATION@DF_POP_HIST(1.0),,I,LVA,,POP,,PS,,_T,,Y70T74,,H,,2024,,97057,,A,,0,,0,
DATAFLOW,OECD.ELS.SAE:DSD_POPULATION@DF_POP_HIST(1.0),,I,LVA,,POP,,PS,,_T,,Y5T9,,H,,2024,,105025,,A,,0,,0,
DATAFLOW,OECD.ELS.SAE:DSD_POPULATION@DF_POP_HIST(1.0),,I,LVA,,POP,,PS,,_T,,Y45T49,,H,,2024,,123287,,A,,0,,0,
DATAFLOW,OECD.ELS.SAE:DSD_POPULATION@DF_POP_HIST(1.0),,I,LVA,,POP,,PS,,_T,,Y50T54,,H,,2024,,128589,,A,,0,,0,
DATAFLOW,OECD.ELS.SAE:DSD_POPULATION@DF_POP_HIST(1.0),,I,LVA,,POP,,PS,,_T,,Y35T39,,H,,2024,,144190,,A,,0,,0,
DATAFLOW,OECD.ELS.SAE:DSD_POPULATION@DF_POP_HIST(1.0),,I,LVA,,POP,,PS,,_T,,Y40T44,,H,,2024,,132936,,A,,0,,0,
DATAFLOW,OECD.ELS.SAE:DSD_POPULATION@DF_POP_HIST(1.0),,I,LVA,,POP,,PS,,_T,,Y60T64,,H,,2024,,133686,,A,,0,,0,
DATAFLOW,OECD.ELS.SAE:DSD_POPULATION@DF_POP_HIST(1.0),,I,LVA,,POP,,PS,,_T,,Y15T19,,H,,2024,,100420,,A,,0,,0,
DATAFLOW,OECD.ELS.SAE:DSD_POPULATION@DF_POP_HIST(1.0),,I,LVA,,POP,,PS,,_T,,Y_LT20,,H,,2024,,385392,,A,,0,,0,
DATAFLOW,OECD.ELS.SAE:DSD_POPULATION@DF_POP_HIST(1.0),,I,LVA,,POP,,PS,,_T,,Y65T69,,H,,2024,,121903,,A,,0,,0,
DATAFLOW,OECD.ELS.SAE:DSD_POPULATION@DF_POP_HIST(1.0),,I,LVA,,POP,,PS,,_T,,Y20T64,,H,,2024,,1076294,,A,,0,,0,
DATAFLOW,OECD.ELS.SAE:DSD_POPULATION@DF_POP_HIST(1.0),,I,LVA,,POP,,PS,,_T,,Y25T29,,H,,2024,,82203,,A,,0,,0,
DATAFLOW,OECD.ELS.SAE:DSD_POPULATION@DF_POP_HIST(1.0),,I,LVA,,POP,,PS,,_T,,_T,,H,,2024,,1866124,,A,,0,,0,
DATAFLOW,OECD.ELS.SAE:DSD_POPULATION@DF_POP_HIST(1.0),,I,LTU,,POP,,PS,,_T,,Y40T44,,H,,2024,,199293,,A,,0,,0,
DATAFLOW,OECD.ELS.SAE:DSD_POPULATION@DF_POP_HIST(1.0),,I,LTU,,POP,,PS,,_T,,Y55T59,,H,,2024,,205335,,A,,0,,0,
DATAFLOW,OECD.ELS.SAE:DSD_POPULATION@DF_POP_HIST(1.0),,I,LTU,,POP,,PS,,_T,,Y30T34,,H,,2024,,203937,,A,,0,,0,
DATAFLOW,OECD.ELS.SAE:DSD_POPULATION@DF_POP_HIST(1.0),,I,LTU,,POP,,PS,,_T,,Y60T64,,H,,2024,,218903,,A,,0,,0,
DATAFLOW,OECD.ELS.SAE:DSD_POPULATION@DF_POP_HIST(1.0),,I,LTU,,POP,,PS,,_T,,Y_LE4,,H,,2024,,115808,,A,,0,,0,
DATAFLOW,OECD.ELS.SAE:DSD_POPULATION@DF_POP_HIST(1.0),,I,LTU,,POP,,PS,,_T,,Y15T19,,H,,2024,,141299,,A,,0,,0,
DATAFLOW,OECD.ELS.SAE:DSD_POPULATION@DF_POP_HIST(1.0),,I,LTU,,POP,,PS,,_T,,Y_LT20,,H,,2024,,554615,,A,,0,,0,
DATAFLOW,OECD.ELS.SAE:DSD_POPULATION@DF_POP_HIST(1.0),,I,LTU,,POP,,PS,,_T,,Y10T14,,H,,2024,,149784,,A,,0,,0,
DATAFLOW,OECD.ELS.SAE:DSD_POPULATION@DF_POP_HIST(1.0),,I,LTU,,POP,,PS,,_T,,Y25T29,,H,,2024,,159021,,A,,0,,0,
DATAFLOW,OECD.ELS.SAE:DSD_POPULATION@DF_POP_HIST(1.0),,I,LTU,,POP,,PS,,_T,,Y_GE85,,H,,2024,,77427,,A,,0,,0,
DATAFLOW,OECD.ELS.SAE:DSD_POPULATION@DF_POP_HIST(1.0),,I,LTU,,POP,,PS,,_T,,Y_GE65,,H,,2024,,595271,,A,,0,,0,
DATAFLOW,OECD.ELS.SAE:DSD_POPULATION@DF_POP_HIST(1.0),,I,LTU,,POP,,PS,,_T,,Y20T64,,H,,2024,,1738165,,A,,0,,0,
DATAFLOW,OECD.ELS.SAE:DSD_POPULATION@DF_POP_HIST(1.0),,I,LTU,,POP,,PS,,_T,,Y80T84,,H,,2024,,85769,,A,,0,,0,
DATAFLOW,OECD.ELS.SAE:DSD_POPULATION@DF_POP_HIST(1.0),,I,LTU,,POP,,PS,,_T,,Y5T9,,H,,2024,,147724,,A,,0,,0,
DATAFLOW,OECD.ELS.SAE:DSD_POPULATION@DF_POP_HIST(1.0),,I,LTU,,POP,,PS,,_T,,Y70T74,,H,,2024,,141077,,A,,0,,0,
DATAFLOW,OECD.ELS.SAE:DSD_POPULATION@DF_POP_HIST(1.0),,I,LTU,,POP,,PS,,_T,,Y45T49,,H,,2024,,192060,,A,,0,,0,
DATAFLOW,OECD.ELS.SAE:DSD_POPULATION@DF_POP_HIST(1.0),,I,LTU,,POP,,PS,,_T,,_T,,H,,2024,,2888055,,A,,0,,0,
DATAFLOW,OECD.ELS.SAE:DSD_POPULATION@DF_POP_HIST(1.0),,I,LTU,,POP,,PS,,_T,,Y20T24,,H,,2024,,135696,,A,,0,,0,
DATAFLOW,OECD.ELS.SAE:DSD_POPULATION@DF_POP_HIST(1.0),,I,LTU,,POP,,PS,,_T,,Y65T69,,H,,2024,,185045,,A,,0,,0,
DATAFLOW,OECD.ELS.SAE:DSD_POPULATION@DF_POP_HIST(1.0),,I,LTU,,POP,,PS,,_T,,Y_GE50,,H,,2024,,1223277,,A,,0,,0,
DATAFLOW,OECD.ELS.SAE:DSD_POPULATION@DF_POP_HIST(1.0),,I,LTU,,POP,,PS,,_T,,Y15T64,,H,,2024,,1879464,,A,,0,,0,
DATAFLOW,OECD.ELS.SAE:DSD_POPULATION@DF_POP_HIST(1.0),,I,LTU,,POP,,PS,,_T,,Y75T79,,H,,2024,,105953,,A,,0,,0,
DATAFLOW,OECD.ELS.SAE:DSD_POPULATION@DF_POP_HIST(1.0),,I,LTU,,POP,,PS,,_T,,Y50T54,,H,,2024,,203768,,A,,0,,0,
DATAFLOW,OECD.ELS.SAE:DSD_POPULATION@DF_POP_HIST(1.0),,I,LUX,,POP,,PS,,_T,,Y35T39,,H,,2024,,53917,,A,,0,,0,
DATAFLOW,OECD.ELS.SAE:DSD_POPULATION@DF_POP_HIST(1.0),,I,LUX,,POP,,PS,,_T,,Y_GE65,,H,,2024,,102457,,A,,0,,0,
DATAFLOW,OECD.ELS.SAE:DSD_POPULATION@DF_POP_HIST(1.0),,I,LUX,,POP,,PS,,_T,,Y55T59,,H,,2024,,46308,,A,,0,,0,
DATAFLOW,OECD.ELS.SAE:DSD_POPULATION@DF_POP_HIST(1.0),,I,LUX,,POP,,PS,,_T,,Y60T64,,H,,2024,,40136,,A,,0,,0,
DATAFLOW,OECD.ELS.SAE:DSD_POPULATION@DF_POP_HIST(1.0),,I,LUX,,POP,,PS,,_T,,Y30T34,,H,,2024,,55102,,A,,0,,0,
DATAFLOW,OECD.ELS.SAE:DSD_POPULATION@DF_POP_HIST(1.0),,I,LUX,,POP,,PS,,_T,,Y45T49,,H,,2024,,48399,,A,,0,,0,
DATAFLOW,OECD.ELS.SAE:DSD_POPULATION@DF_POP_HIST(1.0),,I,LUX,,POP,,PS,,_T,,Y_GE50,,H,,2024,,235858,,A,,0,,0,
DATAFLOW,OECD.ELS.SAE:DSD_POPULATION@DF_POP_HIST(1.0),,I,LUX,,POP,,PS,,_T,,Y10T14,,H,,2024,,36303,,A,,0,,0,
DATAFLOW,OECD.ELS.SAE:DSD_POPULATION@DF_POP_HIST(1.0),,I,LUX,,POP,,PS,,_T,,Y15T19,,H,,2024,,35406,,A,,0,,0,
DATAFLOW,OECD.ELS.SAE:DSD_POPULATION@DF_POP_HIST(1.0),,I,LUX,,POP,,PS,,_T,,Y75T79,,H,,2024,,19109,,A,,0,,0,
DATAFLOW,OECD.ELS.SAE:DSD_POPULATION@DF_POP_HIST(1.0),,I,LUX,,POP,,PS,,_T,,Y65T69,,H,,2024,,31588,,A,,0,,0,
DATAFLOW,OECD.ELS.SAE:DSD_POPULATION@DF_POP_HIST(1.0),,I,LUX,,POP,,PS,,_T,,Y70T74,,H,,2024,,25029,,A,,0,,0,
DATAFLOW,OECD.ELS.SAE:DSD_POPULATION@DF_POP_HIST(1.0),,I,LUX,,POP,,PS,,_T,,Y25T29,,H,,2024,,51216,,A,,0,,0,
DATAFLOW,OECD.ELS.SAE:DSD_POPULATION@DF_POP_HIST(1.0),,I,LUX,,POP,,PS,,_T,,Y50T54,,H,,2024,,46957,,A,,0,,0,
DATAFLOW,OECD.ELS.SAE:DSD_POPULATION@DF_POP_HIST(1.0),,I,LUX,,POP,,PS,,_T,,Y20T64,,H,,2024,,432836,,A,,0,,0,
DATAFLOW,OECD.ELS.SAE:DSD_POPULATION@DF_POP_HIST(1.0),,I,LUX,,POP,,PS,,_T,,Y_LE4,,H,,2024,,34003,,A,,0,,0,
DATAFLOW,OECD.ELS.SAE:DSD_POPULATION@DF_POP_HIST(1.0),,I,LUX,,POP,,PS,,_T,,Y_GE85,,H,,2024,,13531,,A,,0,,0,
DATAFLOW,OECD.ELS.SAE:DSD_POPULATION@DF_POP_HIST(1.0),,I,LUX,,POP,,PS,,_T,,Y5T9,,H,,2024,,36005,,A,,0,,0,
DATAFLOW,OECD.ELS.SAE:DSD_POPULATION@DF_POP_HIST(1.0),,I,LUX,,POP,,PS,,_T,,Y80T84,,H,,2024,,13200,,A,,0,,0,
DATAFLOW,OECD.ELS.SAE:DSD_POPULATION@DF_POP_HIST(1.0),,I,LUX,,POP,,PS,,_T,,Y40T44,,H,,2024,,51678,,A,,0,,0,
DATAFLOW,OECD.ELS.SAE:DSD_POPULATION@DF_POP_HIST(1.0),,I,LUX,,POP,,PS,,_T,,_T,,H,,2024,,677010,,A,,0,,0,
DATAFLOW,OECD.ELS.SAE:DSD_POPULATION@DF_POP_HIST(1.0),,I,LUX,,POP,,PS,,_T,,Y20T24,,H,,2024,,39123,,A,,0,,0,
DATAFLOW,OECD.ELS.SAE:DSD_POPULATION@DF_POP_HIST(1.0),,I,LUX,,POP,,PS,,_T,,Y15T64,,H,,2024,,468242,,A,,0,,0,
DATAFLOW,OECD.ELS.SAE:DSD_POPULATION@DF_POP_HIST(1.0),,I,MEX,,POP,,PS,,_T,,Y55T59,,H,,2024,,6382000,,A,,0,,0,
DATAFLOW,OECD.ELS.SAE:DSD_POPULATION@DF_POP_HIST(1.0),,I,MEX,,POP,,PS,,_T,,Y_LE4,,H,,2024,,10289789,,A,,0,,0,
DATAFLOW,OECD.ELS.SAE:DSD_POPULATION@DF_POP_HIST(1.0),,I,MEX,,POP,,PS,,_T,,Y20T64,,H,,2024,,77726669,,A,,0,,0,
DATAFLOW,OECD.ELS.SAE:DSD_POPULATION@DF_POP_HIST(1.0),,I,MEX,,POP,,PS,,_T,,Y75T79,,H,,2024,,2003120,,A,,0,,0,
DATAFLOW,OECD.ELS.SAE:DSD_POPULATION@DF_POP_HIST(1.0),,I,MEX,,POP,,PS,,_T,,Y80T84,,H,,2024,,1287412,,A,,0,,0,
DATAFLOW,OECD.ELS.SAE:DSD_POPULATION@DF_POP_HIST(1.0),,I,MEX,,POP,,PS,,_T,,Y_GE50,,H,,2024,,30247891,,A,,0,,0,
DATAFLOW,OECD.ELS.SAE:DSD_POPULATION@DF_POP_HIST(1.0),,I,MEX,,POP,,PS,,_T,,Y15T64,,H,,2024,,89017715,,A,,0,,0,
DATAFLOW,OECD.ELS.SAE:DSD_POPULATION@DF_POP_HIST(1.0),,I,MEX,,POP,,PS,,_T,,Y25T29,,H,,2024,,10917107,,A,,0,,0,
DATAFLOW,OECD.ELS.SAE:DSD_POPULATION@DF_POP_HIST(1.0),,I,MEX,,POP,,PS,,_T,,Y65T69,,H,,2024,,3984016,,A,,0,,0,
DATAFLOW,OECD.ELS.SAE:DSD_POPULATION@DF_POP_HIST(1.0),,I,MEX,,POP,,PS,,_T,,Y_GE85,,H,,2024,,1124495,,A,,0,,0,
DATAFLOW,OECD.ELS.SAE:DSD_POPULATION@DF_POP_HIST(1.0),,I,MEX,,POP,,PS,,_T,,Y30T34,,H,,2024,,10596088,,A,,0,,0,
DATAFLOW,OECD.ELS.SAE:DSD_POPULATION@DF_POP_HIST(1.0),,I,MEX,,POP,,PS,,_T,,Y_GE65,,H,,2024,,11217534,,A,,0,,0,
DATAFLOW,OECD.ELS.SAE:DSD_POPULATION@DF_POP_HIST(1.0),,I,MEX,,POP,,PS,,_T,,Y_LT20,,H,,2024,,43330213,,A,,0,,0,
DATAFLOW,OECD.ELS.SAE:DSD_POPULATION@DF_POP_HIST(1.0),,I,MEX,,POP,,PS,,_T,,Y60T64,,H,,2024,,5239508,,A,,0,,0,
DATAFLOW,OECD.ELS.SAE:DSD_POPULATION@DF_POP_HIST(1.0),,I,MEX,,POP,,PS,,_T,,Y50T54,,H,,2024,,7408849,,A,,0,,0,
DATAFLOW,OECD.ELS.SAE:DSD_POPULATION@DF_POP_HIST(1.0),,I,MEX,,POP,,PS,,_T,,Y5T9,,H,,2024,,10595260,,A,,0,,0,
DATAFLOW,OECD.ELS.SAE:DSD_POPULATION@DF_POP_HIST(1.0),,I,MEX,,POP,,PS,,_T,,Y15T19,,H,,2024,,11291046,,A,,0,,0,
DATAFLOW,OECD.ELS.SAE:DSD_POPULATION@DF_POP_HIST(1.0),,I,MEX,,POP,,PS,,_T,,Y40T44,,H,,2024,,8480204,,A,,0,,0,
DATAFLOW,OECD.ELS.SAE:DSD_POPULATION@DF_POP_HIST(1.0),,I,MEX,,POP,,PS,,_T,,Y20T24,,H,,2024,,11201816,,A,,0,,0,
DATAFLOW,OECD.ELS.SAE:DSD_POPULATION@DF_POP_HIST(1.0),,I,MEX,,POP,,PS,,_T,,Y10T14,,H,,2024,,11154118,,A,,0,,0,
DATAFLOW,OECD.ELS.SAE:DSD_POPULATION@DF_POP_HIST(1.0),,I,MEX,,POP,,PS,,_T,,_T,,H,,2024,,132274416,,A,,0,,0,
DATAFLOW,OECD.ELS.SAE:DSD_POPULATION@DF_POP_HIST(1.0),,I,MEX,,POP,,PS,,_T,,Y45T49,,H,,2024,,7904372,,A,,0,,0,
DATAFLOW,OECD.ELS.SAE:DSD_POPULATION@DF_POP_HIST(1.0),,I,MEX,,POP,,PS,,_T,,Y70T74,,H,,2024,,2818491,,A,,0,,0,
DATAFLOW,OECD.ELS.SAE:DSD_POPULATION@DF_POP_HIST(1.0),,I,NLD,,POP,,PS,,_T,,Y25T29,,H,,2024,,1178584,,A,,0,,0,
DATAFLOW,OECD.ELS.SAE:DSD_POPULATION@DF_POP_HIST(1.0),,I,NLD,,POP,,PS,,_T,,Y15T19,,H,,2024,,1020103,,A,,0,,0,
DATAFLOW,OECD.ELS.SAE:DSD_POPULATION@DF_POP_HIST(1.0),,I,NLD,,POP,,PS,,_T,,Y30T34,,H,,2024,,1211302,,A,,0,,0,
DATAFLOW,OECD.ELS.SAE:DSD_POPULATION@DF_POP_HIST(1.0),,I,NLD,,POP,,PS,,_T,,Y45T49,,H,,2024,,1050749,,A,,0,,0,
DATAFLOW,OECD.ELS.SAE:DSD_POPULATION@DF_POP_HIST(1.0),,I,NLD,,POP,,PS,,_T,,Y_LT20,,H,,2024,,3726349,,A,,0,,0,
DATAFLOW,OECD.ELS.SAE:DSD_POPULATION@DF_POP_HIST(1.0),,I,NLD,,POP,,PS,,_T,,Y35T39,,H,,2024,,1148606,,A,,0,,0,
DATAFLOW,OECD.ELS.SAE:DSD_POPULATION@DF_POP_HIST(1.0),,I,NLD,,POP,,PS,,_T,,Y50T54,,H,,2024,,1219419,,A,,0,,0,
DATAFLOW,OECD.ELS.SAE:DSD_POPULATION@DF_POP_HIST(1.0),,I,NLD,,POP,,PS,,_T,,Y15T64,,H,,2024,,11571547,,A,,0,,0,
DATAFLOW,OECD.ELS.SAE:DSD_POPULATION@DF_POP_HIST(1.0),,I,NLD,,POP,,PS,,_T,,Y40T44,,H,,2024,,1080265,,A,,0,,0,
DATAFLOW,OECD.ELS.SAE:DSD_POPULATION@DF_POP_HIST(1.0),,I,NLD,,POP,,PS,,_T,,Y_LE4,,H,,2024,,861065,,A,,0,,0,
DATAFLOW,OECD.ELS.SAE:DSD_POPULATION@DF_POP_HIST(1.0),,I,NLD,,POP,,PS,,_T,,Y80T84,,H,,2024,,496610,,A,,0,,0,
DATAFLOW,OECD.ELS.SAE:DSD_POPULATION@DF_POP_HIST(1.0),,I,NLD,,POP,,PS,,_T,,Y65T69,,H,,2024,,1057628,,A,,0,,0,
DATAFLOW,OECD.ELS.SAE:DSD_POPULATION@DF_POP_HIST(1.0),,I,NLD,,POP,,PS,,_T,,Y_GE85,,H,,2024,,419895,,A,,0,,0,
DATAFLOW,OECD.ELS.SAE:DSD_POPULATION@DF_POP_HIST(1.0),,I,NLD,,POP,,PS,,_T,,Y10T14,,H,,2024,,949196,,A,,0,,0,
DATAFLOW,OECD.ELS.SAE:DSD_POPULATION@DF_POP_HIST(1.0),,I,NLD,,POP,,PS,,_T,,_T,,H,,2024,,17994238,,A,,0,,0,
DATAFLOW,OECD.ELS.SAE:DSD_POPULATION@DF_POP_HIST(1.0),,I,NLD,,POP,,PS,,_T,,Y20T64,,H,,2024,,10551444,,A,,0,,0,
DATAFLOW,OECD.ELS.SAE:DSD_POPULATION@DF_POP_HIST(1.0),,I,NLD,,POP,,PS,,_T,,Y_GE50,,H,,2024,,7414505,,A,,0,,0,
DATAFLOW,OECD.ELS.SAE:DSD_POPULATION@DF_POP_HIST(1.0),,I,NLD,,POP,,PS,,_T,,Y70T74,,H,,2024,,922530,,A,,0,,0,
DATAFLOW,OECD.ELS.SAE:DSD_POPULATION@DF_POP_HIST(1.0),,I,NLD,,POP,,PS,,_T,,Y5T9,,H,,2024,,895985,,A,,0,,0,
DATAFLOW,OECD.ELS.SAE:DSD_POPULATION@DF_POP_HIST(1.0),,I,NLD,,POP,,PS,,_T,,Y_GE65,,H,,2024,,3716445,,A,,0,,0,
DATAFLOW,OECD.ELS.SAE:DSD_POPULATION@DF_POP_HIST(1.0),,I,NLD,,POP,,PS,,_T,,Y20T24,,H,,2024,,1183878,,A,,0,,0,
DATAFLOW,OECD.ELS.SAE:DSD_POPULATION@DF_POP_HIST(1.0),,I,NLD,,POP,,PS,,_T,,Y75T79,,H,,2024,,819782,,A,,0,,0,
DATAFLOW,OECD.ELS.SAE:DSD_POPULATION@DF_POP_HIST(1.0),,I,NLD,,POP,,PS,,_T,,Y55T59,,H,,2024,,1267518,,A,,0,,0,
DATAFLOW,OECD.ELS.SAE:DSD_POPULATION@DF_POP_HIST(1.0),,I,NZL,,POP,,PS,,_T,,Y40T44,,H,,2024,,348610,,A,,0,,0,
DATAFLOW,OECD.ELS.SAE:DSD_POPULATION@DF_POP_HIST(1.0),,I,NZL,,POP,,PS,,_T,,Y_GE50,,H,,2024,,1826580,,A,,0,,0,
DATAFLOW,OECD.ELS.SAE:DSD_POPULATION@DF_POP_HIST(1.0),,I,NZL,,POP,,PS,,_T,,Y80T84,,H,,2024,,113360,,A,,0,,0,
DATAFLOW,OECD.ELS.SAE:DSD_POPULATION@DF_POP_HIST(1.0),,I,NZL,,POP,,PS,,_T,,Y10T14,,H,,2024,,349140,,A,,0,,0,
DATAFLOW,OECD.ELS.SAE:DSD_POPULATION@DF_POP_HIST(1.0),,I,NZL,,POP,,PS,,_T,,Y35T39,,H,,2024,,390200,,A,,0,,0,
DATAFLOW,OECD.ELS.SAE:DSD_POPULATION@DF_POP_HIST(1.0),,I,NZL,,POP,,PS,,_T,,Y20T24,,H,,2024,,328700,,A,,0,,0,
DATAFLOW,OECD.ELS.SAE:DSD_POPULATION@DF_POP_HIST(1.0),,I,NZL,,POP,,PS,,_T,,Y_LE4,,H,,2024,,300840,,A,,0,,0,
DATAFLOW,OECD.ELS.SAE:DSD_POPULATION@DF_POP_HIST(1.0),,I,NZL,,POP,,PS,,_T,,Y55T59,,H,,2024,,312230,,A,,0,,0,
DATAFLOW,OECD.ELS.SAE:DSD_POPULATION@DF_POP_HIST(1.0),,I,NZL,,POP,,PS,,_T,,Y_LT20,,H,,2024,,1322170,,A,,0,,0,
DATAFLOW,OECD.ELS.SAE:DSD_POPULATION@DF_POP_HIST(1.0),,I,NZL,,POP,,PS,,_T,,Y_GE65,,H,,2024,,873920,,A,,0,,0,
DATAFLOW,OECD.ELS.SAE:DSD_POPULATION@DF_POP_HIST(1.0),,I,NZL,,POP,,PS,,_T,,Y70T74,,H,,2024,,221670,,A,,0,,0,
DATAFLOW,OECD.ELS.SAE:DSD_POPULATION@DF_POP_HIST(1.0),,I,NZL,,POP,,PS,,_T,,Y15T19,,H,,2024,,345340,,A,,0,,0,
DATAFLOW,OECD.ELS.SAE:DSD_POPULATION@DF_POP_HIST(1.0),,I,NZL,,POP,,PS,,_T,,Y60T64,,H,,2024,,309400,,A,,0,,0,
DATAFLOW,OECD.ELS.SAE:DSD_POPULATION@DF_POP_HIST(1.0),,I,NZL,,POP,,PS,,_T,,_T,,H,,2024,,5290100,,A,,0,,0,
DATAFLOW,OECD.ELS.SAE:DSD_POPULATION@DF_POP_HIST(1.0),,I,NZL,,POP,,PS,,_T,,Y50T54,,H,,2024,,331030,,A,,0,,0,
DATAFLOW,OECD.ELS.SAE:DSD_POPULATION@DF_POP_HIST(1.0),,I,NZL,,POP,,PS,,_T,,Y5T9,,H,,2024,,326850,,A,,0,,0,
DATAFLOW,OECD.ELS.SAE:DSD_POPULATION@DF_POP_HIST(1.0),,I,NZL,,POP,,PS,,_T,,Y20T64,,H,,2024,,3093960,,A,,0,,0,
DATAFLOW,OECD.ELS.SAE:DSD_POPULATION@DF_POP_HIST(1.0),,I,NZL,,POP,,PS,,_T,,Y75T79,,H,,2024,,177330,,A,,0,,0,
DATAFLOW,OECD.ELS.SAE:DSD_POPULATION@DF_POP_HIST(1.0),,I,NZL,,POP,,PS,,_T,,Y15T64,,H,,2024,,3439300,,A,,0,,0,
DATAFLOW,OECD.ELS.SAE:DSD_POPULATION@DF_POP_HIST(1.0),,I,NZL,,POP,,PS,,_T,,Y_GE85,,H,,2024,,94900,,A,,0,,0,
DATAFLOW,OECD.ELS.SAE:DSD_POPULATION@DF_POP_HIST(1.0),,I,NZL,,POP,,PS,,_T,,Y45T49,,H,,2024,,313870,,A,,0,,0,
DATAFLOW,OECD.ELS.SAE:DSD_POPULATION@DF_POP_HIST(1.0),,I,NZL,,POP,,PS,,_T,,Y65T69,,H,,2024,,266660,,A,,0,,0,
DATAFLOW,OECD.ELS.SAE:DSD_POPULATION@DF_POP_HIST(1.0),,I,NZL,,POP,,PS,,_T,,Y25T29,,H,,2024,,350910,,A,,0,,0,
DATAFLOW,OECD.ELS.SAE:DSD_POPULATION@DF_POP_HIST(1.0),,I,NOR,,POP,,PS,,_T,,Y40T44,,H,,2024,,365492,,A,,0,,0,
DATAFLOW,OECD.ELS.SAE:DSD_POPULATION@DF_POP_HIST(1.0),,I,NOR,,POP,,PS,,_T,,Y_GE85,,H,,2024,,122690,,A,,0,,0,
DATAFLOW,OECD.ELS.SAE:DSD_POPULATION@DF_POP_HIST(1.0),,I,NOR,,POP,,PS,,_T,,Y_LT20,,H,,2024,,1243541,,A,,0,,0,
DATAFLOW,OECD.ELS.SAE:DSD_POPULATION@DF_POP_HIST(1.0),,I,NOR,,POP,,PS,,_T,,Y20T64,,H,,2024,,3280464,,A,,0,,0,
DATAFLOW,OECD.ELS.SAE:DSD_POPULATION@DF_POP_HIST(1.0),,I,NOR,,POP,,PS,,_T,,Y20T24,,H,,2024,,334619,,A,,0,,0,
DATAFLOW,OECD.ELS.SAE:DSD_POPULATION@DF_POP_HIST(1.0),,I,NOR,,POP,,PS,,_T,,Y65T69,,H,,2024,,295126,,A,,0,,0,
DATAFLOW,OECD.ELS.SAE:DSD_POPULATION@DF_POP_HIST(1.0),,I,NOR,,POP,,PS,,_T,,Y45T49,,H,,2024,,355883,,A,,0,,0,
DATAFLOW,OECD.ELS.SAE:DSD_POPULATION@DF_POP_HIST(1.0),,I,NOR,,POP,,PS,,_T,,Y15T19,,H,,2024,,336693,,A,,0,,0,
DATAFLOW,OECD.ELS.SAE:DSD_POPULATION@DF_POP_HIST(1.0),,I,NOR,,POP,,PS,,_T,,Y50T54,,H,,2024,,379839,,A,,0,,0,
DATAFLOW,OECD.ELS.SAE:DSD_POPULATION@DF_POP_HIST(1.0),,I,NOR,,POP,,PS,,_T,,Y80T84,,H,,2024,,140823,,A,,0,,0,
DATAFLOW,OECD.ELS.SAE:DSD_POPULATION@DF_POP_HIST(1.0),,I,NOR,,POP,,PS,,_T,,Y60T64,,H,,2024,,324437,,A,,0,,0,
DATAFLOW,OECD.ELS.SAE:DSD_POPULATION@DF_POP_HIST(1.0),,I,NOR,,POP,,PS,,_T,,Y_GE65,,H,,2024,,1048268,,A,,0,,0,
DATAFLOW,OECD.ELS.SAE:DSD_POPULATION@DF_POP_HIST(1.0),,I,NOR,,POP,,PS,,_T,,Y35T39,,H,,2024,,386690,,A,,0,,0,
DATAFLOW,OECD.ELS.SAE:DSD_POPULATION@DF_POP_HIST(1.0),,I,NOR,,POP,,PS,,_T,,Y55T59,,H,,2024,,367334,,A,,0,,0,
DATAFLOW,OECD.ELS.SAE:DSD_POPULATION@DF_POP_HIST(1.0),,I,NOR,,POP,,PS,,_T,,Y30T34,,H,,2024,,396928,,A,,0,,0,
DATAFLOW,OECD.ELS.SAE:DSD_POPULATION@DF_POP_HIST(1.0),,I,NOR,,POP,,PS,,_T,,_T,,H,,2024,,5572273,,A,,0,,0,
DATAFLOW,OECD.ELS.SAE:DSD_POPULATION@DF_POP_HIST(1.0),,I,NOR,,POP,,PS,,_T,,Y25T29,,H,,2024,,369242,,A,,0,,0,
DATAFLOW,OECD.ELS.SAE:DSD_POPULATION@DF_POP_HIST(1.0),,I,NOR,,POP,,PS,,_T,,Y70T74,,H,,2024,,258317,,A,,0,,0,
DATAFLOW,OECD.ELS.SAE:DSD_POPULATION@DF_POP_HIST(1.0),,I,NOR,,POP,,PS,,_T,,Y75T79,,H,,2024,,231312,,A,,0,,0,
DATAFLOW,OECD.ELS.SAE:DSD_POPULATION@DF_POP_HIST(1.0),,I,NOR,,POP,,PS,,_T,,Y_GE50,,H,,2024,,2119878,,A,,0,,0,
DATAFLOW,OECD.ELS.SAE:DSD_POPULATION@DF_POP_HIST(1.0),,I,NOR,,POP,,PS,,_T,,Y15T64,,H,,2024,,3617157,,A,,0,,0,
DATAFLOW,OECD.ELS.SAE:DSD_POPULATION@DF_POP_HIST(1.0),,I,NOR,,POP,,PS,,_T,,Y_LE4,,H,,2024,,275556,,A,,0,,0,
DATAFLOW,OECD.ELS.SAE:DSD_POPULATION@DF_POP_HIST(1.0),,I,NOR,,POP,,PS,,_T,,Y5T9,,H,,2024,,302606,,A,,0,,0,
DATAFLOW,OECD.ELS.SAE:DSD_POPULATION@DF_POP_HIST(1.0),,I,POL,,POP,,PS,,_T,,Y55T59,,H,,2024,,2177929,,A,,0,,0,
DATAFLOW,OECD.ELS.SAE:DSD_POPULATION@DF_POP_HIST(1.0),,I,POL,,POP,,PS,,_T,,Y5T9,,H,,2024,,1976903,,A,,0,,0,
DATAFLOW,OECD.ELS.SAE:DSD_POPULATION@DF_POP_HIST(1.0),,I,POL,,POP,,PS,,_T,,Y70T74,,H,,2024,,2132701,,A,,0,,0,
DATAFLOW,OECD.ELS.SAE:DSD_POPULATION@DF_POP_HIST(1.0),,I,POL,,POP,,PS,,_T,,Y75T79,,H,,2024,,1388233,,A,,0,,0,
DATAFLOW,OECD.ELS.SAE:DSD_POPULATION@DF_POP_HIST(1.0),,I,POL,,POP,,PS,,_T,,Y_GE50,,H,,2024,,14603680,,A,,0,,0,
DATAFLOW,OECD.ELS.SAE:DSD_POPULATION@DF_POP_HIST(1.0),,I,POL,,POP,,PS,,_T,,Y_GE85,,H,,2024,,825857,,A,,0,,0,
DATAFLOW,OECD.ELS.SAE:DSD_POPULATION@DF_POP_HIST(1.0),,I,POL,,POP,,PS,,_T,,Y45T49,,H,,2024,,2960196,,A,,0,,0,
DATAFLOW,OECD.ELS.SAE:DSD_POPULATION@DF_POP_HIST(1.0),,I,POL,,POP,,PS,,_T,,_T,,H,,2024,,37563071,,A,,0,,0,
DATAFLOW,OECD.ELS.SAE:DSD_POPULATION@DF_POP_HIST(1.0),,I,POL,,POP,,PS,,_T,,Y65T69,,H,,2024,,2512888,,A,,0,,0,
DATAFLOW,OECD.ELS.SAE:DSD_POPULATION@DF_POP_HIST(1.0),,I,POL,,POP,,PS,,_T,,Y25T29,,H,,2024,,2040380,,A,,0,,0,
DATAFLOW,OECD.ELS.SAE:DSD_POPULATION@DF_POP_HIST(1.0),,I,POL,,POP,,PS,,_T,,Y15T64,,H,,2024,,24344812,,A,,0,,0,
DATAFLOW,OECD.ELS.SAE:DSD_POPULATION@DF_POP_HIST(1.0),,I,POL,,POP,,PS,,_T,,Y15T19,,H,,2024,,1949473,,A,,0,,0,
DATAFLOW,OECD.ELS.SAE:DSD_POPULATION@DF_POP_HIST(1.0),,I,POL,,POP,,PS,,_T,,Y20T24,,H,,2024,,1774912,,A,,0,,0,
DATAFLOW,OECD.ELS.SAE:DSD_POPULATION@DF_POP_HIST(1.0),,I,POL,,POP,,PS,,_T,,Y_LE4,,H,,2024,,1571983,,A,,0,,0,
DATAFLOW,OECD.ELS.SAE:DSD_POPULATION@DF_POP_HIST(1.0),,I,POL,,POP,,PS,,_T,,Y50T54,,H,,2024,,2489664,,A,,0,,0,
DATAFLOW,OECD.ELS.SAE:DSD_POPULATION@DF_POP_HIST(1.0),,I,POL,,POP,,PS,,_T,,Y20T64,,H,,2024,,22395339,,A,,0,,0,
DATAFLOW,OECD.ELS.SAE:DSD_POPULATION@DF_POP_HIST(1.0),,I,POL,,POP,,PS,,_T,,Y40T44,,H,,2024,,3187057,,A,,0,,0,
DATAFLOW,OECD.ELS.SAE:DSD_POPULATION@DF_POP_HIST(1.0),,I,POL,,POP,,PS,,_T,,Y10T14,,H,,2024,,2031373,,A,,0,,0,
DATAFLOW,OECD.ELS.SAE:DSD_POPULATION@DF_POP_HIST(1.0),,I,POL,,POP,,PS,,_T,,Y_GE65,,H,,2024,,7638000,,A,,0,,0,
DATAFLOW,OECD.ELS.SAE:DSD_POPULATION@DF_POP_HIST(1.0),,I,POL,,POP,,PS,,_T,,Y_LT20,,H,,2024,,7529732,,A,,0,,0,
DATAFLOW,OECD.ELS.SAE:DSD_POPULATION@DF_POP_HIST(1.0),,I,POL,,POP,,PS,,_T,,Y35T39,,H,,2024,,2936336,,A,,0,,0,
DATAFLOW,OECD.ELS.SAE:DSD_POPULATION@DF_POP_HIST(1.0),,I,POL,,POP,,PS,,_T,,Y80T84,,H,,2024,,778321,,A,,0,,0,
DATAFLOW,OECD.ELS.SAE:DSD_POPULATION@DF_POP_HIST(1.0),,I,POL,,POP,,PS,,_T,,Y60T64,,H,,2024,,2298087,,A,,0,,0,
DATAFLOW,OECD.ELS.SAE:DSD_POPULATION@DF_POP_HIST(1.0),,I,PRT,,POP,,PS,,_T,,Y20T24,,H,,2024,,570119,,A,,0,,0,
DATAFLOW,OECD.ELS.SAE:DSD_POPULATION@DF_POP_HIST(1.0),,I,PRT,,POP,,PS,,_T,,Y_GE85,,H,,2024,,383904,,A,,0,,0,
DATAFLOW,OECD.ELS.SAE:DSD_POPULATION@DF_POP_HIST(1.0),,I,PRT,,POP,,PS,,_T,,Y80T84,,H,,2024,,368427,,A,,0,,0,
DATAFLOW,OECD.ELS.SAE:DSD_POPULATION@DF_POP_HIST(1.0),,I,PRT,,POP,,PS,,_T,,Y60T64,,H,,2024,,743975,,A,,0,,0,
DATAFLOW,OECD.ELS.SAE:DSD_POPULATION@DF_POP_HIST(1.0),,I,PRT,,POP,,PS,,_T,,Y40T44,,H,,2024,,725067,,A,,0,,0,
DATAFLOW,OECD.ELS.SAE:DSD_POPULATION@DF_POP_HIST(1.0),,I,PRT,,POP,,PS,,_T,,Y50T54,,H,,2024,,792325,,A,,0,,0,
DATAFLOW,OECD.ELS.SAE:DSD_POPULATION@DF_POP_HIST(1.0),,I,PRT,,POP,,PS,,_T,,Y25T29,,H,,2024,,581329,,A,,0,,0,
DATAFLOW,OECD.ELS.SAE:DSD_POPULATION@DF_POP_HIST(1.0),,I,PRT,,POP,,PS,,_T,,_T,,H,,2024,,10701128,,A,,0,,0,
DATAFLOW,OECD.ELS.SAE:DSD_POPULATION@DF_POP_HIST(1.0),,I,PRT,,POP,,PS,,_T,,Y20T64,,H,,2024,,6215764,,A,,0,,0,
DATAFLOW,OECD.ELS.SAE:DSD_POPULATION@DF_POP_HIST(1.0),,I,PRT,,POP,,PS,,_T,,Y35T39,,H,,2024,,626682,,A,,0,,0,
DATAFLOW,OECD.ELS.SAE:DSD_POPULATION@DF_POP_HIST(1.0),,I,PRT,,POP,,PS,,_T,,Y65T69,,H,,2024,,691254,,A,,0,,0,
DATAFLOW,OECD.ELS.SAE:DSD_POPULATION@DF_POP_HIST(1.0),,I,PRT,,POP,,PS,,_T,,Y5T9,,H,,2024,,453561,,A,,0,,0,
DATAFLOW,OECD.ELS.SAE:DSD_POPULATION@DF_POP_HIST(1.0),,I,PRT,,POP,,PS,,_T,,Y_LT20,,H,,2024,,1895123,,A,,0,,0,
DATAFLOW,OECD.ELS.SAE:DSD_POPULATION@DF_POP_HIST(1.0),,I,PRT,,POP,,PS,,_T,,Y15T64,,H,,2024,,6744347,,A,,0,,0,
DATAFLOW,OECD.ELS.SAE:DSD_POPULATION@DF_POP_HIST(1.0),,I,PRT,,POP,,PS,,_T,,Y70T74,,H,,2024,,622386,,A,,0,,0,
DATAFLOW,OECD.ELS.SAE:DSD_POPULATION@DF_POP_HIST(1.0),,I,PRT,,POP,,PS,,_T,,Y10T14,,H,,2024,,482633,,A,,0,,0,
DATAFLOW,OECD.ELS.SAE:DSD_POPULATION@DF_POP_HIST(1.0),,I,PRT,,POP,,PS,,_T,,Y_LE4,,H,,2024,,430346,,A,,0,,0,
DATAFLOW,OECD.ELS.SAE:DSD_POPULATION@DF_POP_HIST(1.0),,I,PRT,,POP,,PS,,_T,,Y_GE50,,H,,2024,,4881824,,A,,0,,0,
DATAFLOW,OECD.ELS.SAE:DSD_POPULATION@DF_POP_HIST(1.0),,I,PRT,,POP,,PS,,_T,,Y55T59,,H,,2024,,755283,,A,,0,,0,
DATAFLOW,OECD.ELS.SAE:DSD_POPULATION@DF_POP_HIST(1.0),,I,PRT,,POP,,PS,,_T,,Y75T79,,H,,2024,,524270,,A,,0,,0,
DATAFLOW,OECD.ELS.SAE:DSD_POPULATION@DF_POP_HIST(1.0),,I,PRT,,POP,,PS,,_T,,Y30T34,,H,,2024,,603551,,A,,0,,0,
DATAFLOW,OECD.ELS.SAE:DSD_POPULATION@DF_POP_HIST(1.0),,I,PRT,,POP,,PS,,_T,,Y_GE65,,H,,2024,,2590241,,A,,0,,0,
DATAFLOW,OECD.ELS.SAE:DSD_POPULATION@DF_POP_HIST(1.0),,I,PRT,,POP,,PS,,_T,,Y45T49,,H,,2024,,817433,,A,,0,,0,
DATAFLOW,OECD.ELS.SAE:DSD_POPULATION@DF_POP_HIST(1.0),,I,SVK,,POP,,PS,,_T,,Y5T9,,H,,2024,,299379.5,,A,,0,,0,
DATAFLOW,OECD.ELS.SAE:DSD_POPULATION@DF_POP_HIST(1.0),,I,SVK,,POP,,PS,,_T,,Y25T29,,H,,2024,,294663.5,,A,,0,,0,
DATAFLOW,OECD.ELS.SAE:DSD_POPULATION@DF_POP_HIST(1.0),,I,SVK,,POP,,PS,,_T,,Y75T79,,H,,2024,,186057.5,,A,,0,,0,
DATAFLOW,OECD.ELS.SAE:DSD_POPULATION@DF_POP_HIST(1.0),,I,SVK,,POP,,PS,,_T,,_T,,H,,2024,,5422069,,A,,0,,0,
DATAFLOW,OECD.ELS.SAE:DSD_POPULATION@DF_POP_HIST(1.0),,I,SVK,,POP,,PS,,_T,,Y65T69,,H,,2024,,336023,,A,,0,,0,
DATAFLOW,OECD.ELS.SAE:DSD_POPULATION@DF_POP_HIST(1.0),,I,SVK,,POP,,PS,,_T,,Y40T44,,H,,2024,,432637,,A,,0,,0,
DATAFLOW,OECD.ELS.SAE:DSD_POPULATION@DF_POP_HIST(1.0),,I,SVK,,POP,,PS,,_T,,Y15T19,,H,,2024,,273006.5,,A,,0,,0,
DATAFLOW,OECD.ELS.SAE:DSD_POPULATION@DF_POP_HIST(1.0),,I,SVK,,POP,,PS,,_T,,Y60T64,,H,,2024,,340652,,A,,0,,0,
DATAFLOW,OECD.ELS.SAE:DSD_POPULATION@DF_POP_HIST(1.0),,I,SVK,,POP,,PS,,_T,,Y_GE50,,H,,2024,,2070038,,A,,0,,0,
DATAFLOW,OECD.ELS.SAE:DSD_POPULATION@DF_POP_HIST(1.0),,I,SVK,,POP,,PS,,_T,,Y_LT20,,H,,2024,,1134970.5,,A,,0,,0,
DATAFLOW,OECD.ELS.SAE:DSD_POPULATION@DF_POP_HIST(1.0),,I,SVK,,POP,,PS,,_T,,Y_GE85,,H,,2024,,83868,,A,,0,,0,
DATAFLOW,OECD.ELS.SAE:DSD_POPULATION@DF_POP_HIST(1.0),,I,SVK,,POP,,PS,,_T,,Y15T64,,H,,2024,,3553027,,A,,0,,0,
DATAFLOW,OECD.ELS.SAE:DSD_POPULATION@DF_POP_HIST(1.0),,I,SVK,,POP,,PS,,_T,,Y50T54,,H,,2024,,383056,,A,,0,,0,
DATAFLOW,OECD.ELS.SAE:DSD_POPULATION@DF_POP_HIST(1.0),,I,SVK,,POP,,PS,,_T,,Y20T64,,H,,2024,,3280020.5,,A,,0,,0,
DATAFLOW,OECD.ELS.SAE:DSD_POPULATION@DF_POP_HIST(1.0),,I,SVK,,POP,,PS,,_T,,Y_LE4,,H,,2024,,272229,,A,,0,,0,
DATAFLOW,OECD.ELS.SAE:DSD_POPULATION@DF_POP_HIST(1.0),,I,SVK,,POP,,PS,,_T,,Y45T49,,H,,2024,,448040.5,,A,,0,,0,
DATAFLOW,OECD.ELS.SAE:DSD_POPULATION@DF_POP_HIST(1.0),,I,SVK,,POP,,PS,,_T,,Y35T39,,H,,2024,,410958.5,,A,,0,,0,
DATAFLOW,OECD.ELS.SAE:DSD_POPULATION@DF_POP_HIST(1.0),,I,SVK,,POP,,PS,,_T,,Y80T84,,H,,2024,,113231.5,,A,,0,,0,
DATAFLOW,OECD.ELS.SAE:DSD_POPULATION@DF_POP_HIST(1.0),,I,SVK,,POP,,PS,,_T,,Y20T24,,H,,2024,,260260.5,,A,,0,,0,
DATAFLOW,OECD.ELS.SAE:DSD_POPULATION@DF_POP_HIST(1.0),,I,SVK,,POP,,PS,,_T,,Y30T34,,H,,2024,,370500.5,,A,,0,,0,
DATAFLOW,OECD.ELS.SAE:DSD_POPULATION@DF_POP_HIST(1.0),,I,SVK,,POP,,PS,,_T,,Y10T14,,H,,2024,,290355.5,,A,,0,,0,
DATAFLOW,OECD.ELS.SAE:DSD_POPULATION@DF_POP_HIST(1.0),,I,SVK,,POP,,PS,,_T,,Y55T59,,H,,2024,,339252,,A,,0,,0,
DATAFLOW,OECD.ELS.SAE:DSD_POPULATION@DF_POP_HIST(1.0),,I,SVK,,POP,,PS,,_T,,Y_GE65,,H,,2024,,1007078,,A,,0,,0,
DATAFLOW,OECD.ELS.SAE:DSD_POPULATION@DF_POP_HIST(1.0),,I,SVN,,POP,,PS,,_T,,Y55T59,,H,,2024,,151560,,A,,0,,0,
DATAFLOW,OECD.ELS.SAE:DSD_POPULATION@DF_POP_HIST(1.0),,I,SVN,,POP,,PS,,_T,,Y15T19,,H,,2024,,105973,,A,,0,,0,
DATAFLOW,OECD.ELS.SAE:DSD_POPULATION@DF_POP_HIST(1.0),,I,SVN,,POP,,PS,,_T,,Y_GE65,,H,,2024,,467462,,A,,0,,0,
DATAFLOW,OECD.ELS.SAE:DSD_POPULATION@DF_POP_HIST(1.0),,I,SVN,,POP,,PS,,_T,,Y_GE50,,H,,2024,,912875,,A,,0,,0,
DATAFLOW,OECD.ELS.SAE:DSD_POPULATION@DF_POP_HIST(1.0),,I,SVN,,POP,,PS,,_T,,Y5T9,,H,,2024,,105038,,A,,0,,0,
DATAFLOW,OECD.ELS.SAE:DSD_POPULATION@DF_POP_HIST(1.0),,I,SVN,,POP,,PS,,_T,,Y45T49,,H,,2024,,161555,,A,,0,,0,
DATAFLOW,OECD.ELS.SAE:DSD_POPULATION@DF_POP_HIST(1.0),,I,SVN,,POP,,PS,,_T,,Y_GE85,,H,,2024,,59662,,A,,0,,0,
DATAFLOW,OECD.ELS.SAE:DSD_POPULATION@DF_POP_HIST(1.0),,I,SVN,,POP,,PS,,_T,,Y60T64,,H,,2024,,145228,,A,,0,,0,
DATAFLOW,OECD.ELS.SAE:DSD_POPULATION@DF_POP_HIST(1.0),,I,SVN,,POP,,PS,,_T,,Y40T44,,H,,2024,,157673,,A,,0,,0,
DATAFLOW,OECD.ELS.SAE:DSD_POPULATION@DF_POP_HIST(1.0),,I,SVN,,POP,,PS,,_T,,Y65T69,,H,,2024,,137743,,A,,0,,0,
DATAFLOW,OECD.ELS.SAE:DSD_POPULATION@DF_POP_HIST(1.0),,I,SVN,,POP,,PS,,_T,,Y25T29,,H,,2024,,111470,,A,,0,,0,
DATAFLOW,OECD.ELS.SAE:DSD_POPULATION@DF_POP_HIST(1.0),,I,SVN,,POP,,PS,,_T,,Y20T64,,H,,2024,,1242162,,A,,0,,0,
DATAFLOW,OECD.ELS.SAE:DSD_POPULATION@DF_POP_HIST(1.0),,I,SVN,,POP,,PS,,_T,,Y20T24,,H,,2024,,103170,,A,,0,,0,
DATAFLOW,OECD.ELS.SAE:DSD_POPULATION@DF_POP_HIST(1.0),,I,SVN,,POP,,PS,,_T,,Y35T39,,H,,2024,,142297,,A,,0,,0,
DATAFLOW,OECD.ELS.SAE:DSD_POPULATION@DF_POP_HIST(1.0),,I,SVN,,POP,,PS,,_T,,Y80T84,,H,,2024,,64912,,A,,0,,0,
DATAFLOW,OECD.ELS.SAE:DSD_POPULATION@DF_POP_HIST(1.0),,I,SVN,,POP,,PS,,_T,,Y10T14,,H,,2024,,114033,,A,,0,,0,
DATAFLOW,OECD.ELS.SAE:DSD_POPULATION@DF_POP_HIST(1.0),,I,SVN,,POP,,PS,,_T,,Y50T54,,H,,2024,,148625,,A,,0,,0,
DATAFLOW,OECD.ELS.SAE:DSD_POPULATION@DF_POP_HIST(1.0),,I,SVN,,POP,,PS,,_T,,_T,,H,,2024,,2126324,,A,,0,,0,
DATAFLOW,OECD.ELS.SAE:DSD_POPULATION@DF_POP_HIST(1.0),,I,SVN,,POP,,PS,,_T,,Y15T64,,H,,2024,,1348135,,A,,0,,0,
DATAFLOW,OECD.ELS.SAE:DSD_POPULATION@DF_POP_HIST(1.0),,I,SVN,,POP,,PS,,_T,,Y75T79,,H,,2024,,82387,,A,,0,,0,
DATAFLOW,OECD.ELS.SAE:DSD_POPULATION@DF_POP_HIST(1.0),,I,SVN,,POP,,PS,,_T,,Y_LE4,,H,,2024,,91656,,A,,0,,0,
DATAFLOW,OECD.ELS.SAE:DSD_POPULATION@DF_POP_HIST(1.0),,I,SVN,,POP,,PS,,_T,,Y30T34,,H,,2024,,120584,,A,,0,,0,
DATAFLOW,OECD.ELS.SAE:DSD_POPULATION@DF_POP_HIST(1.0),,I,SVN,,POP,,PS,,_T,,Y70T74,,H,,2024,,122758,,A,,0,,0,
DATAFLOW,OECD.ELS.SAE:DSD_POPULATION@DF_POP_HIST(1.0),,I,ESP,,POP,,PS,,_T,,Y80T84,,H,,2024,,1407918,,A,,0,,0,
DATAFLOW,OECD.ELS.SAE:DSD_POPULATION@DF_POP_HIST(1.0),,I,ESP,,POP,,PS,,_T,,Y_GE85,,H,,2024,,1578391,,A,,0,,0,
DATAFLOW,OECD.ELS.SAE:DSD_POPULATION@DF_POP_HIST(1.0),,I,ESP,,POP,,PS,,_T,,Y20T24,,H,,2024,,2641386,,A,,0,,0,
DATAFLOW,OECD.ELS.SAE:DSD_POPULATION@DF_POP_HIST(1.0),,I,ESP,,POP,,PS,,_T,,Y75T79,,H,,2024,,1988741,,A,,0,,0,
DATAFLOW,OECD.ELS.SAE:DSD_POPULATION@DF_POP_HIST(1.0),,I,ESP,,POP,,PS,,_T,,Y40T44,,H,,2024,,3587936,,A,,0,,0,
DATAFLOW,OECD.ELS.SAE:DSD_POPULATION@DF_POP_HIST(1.0),,I,ESP,,POP,,PS,,_T,,Y45T49,,H,,2024,,4091062,,A,,0,,0,
DATAFLOW,OECD.ELS.SAE:DSD_POPULATION@DF_POP_HIST(1.0),,I,ESP,,POP,,PS,,_T,,Y20T64,,H,,2024,,29731512,,A,,0,,0,
DATAFLOW,OECD.ELS.SAE:DSD_POPULATION@DF_POP_HIST(1.0),,I,ESP,,POP,,PS,,_T,,Y35T39,,H,,2024,,3061363,,A,,0,,0,
DATAFLOW,OECD.ELS.SAE:DSD_POPULATION@DF_POP_HIST(1.0),,I,ESP,,POP,,PS,,_T,,Y10T14,,H,,2024,,2476360,,A,,0,,0,
DATAFLOW,OECD.ELS.SAE:DSD_POPULATION@DF_POP_HIST(1.0),,I,ESP,,POP,,PS,,_T,,Y65T69,,H,,2024,,2783125,,A,,0,,0,
DATAFLOW,OECD.ELS.SAE:DSD_POPULATION@DF_POP_HIST(1.0),,I,ESP,,POP,,PS,,_T,,Y5T9,,H,,2024,,2163626,,A,,0,,0,
DATAFLOW,OECD.ELS.SAE:DSD_POPULATION@DF_POP_HIST(1.0),,I,ESP,,POP,,PS,,_T,,Y_GE50,,H,,2024,,20887176,,A,,0,,0,
DATAFLOW,OECD.ELS.SAE:DSD_POPULATION@DF_POP_HIST(1.0),,I,ESP,,POP,,PS,,_T,,Y25T29,,H,,2024,,2655915,,A,,0,,0,
DATAFLOW,OECD.ELS.SAE:DSD_POPULATION@DF_POP_HIST(1.0),,I,ESP,,POP,,PS,,_T,,_T,,H,,2024,,48807137,,A,,0,,0,
DATAFLOW,OECD.ELS.SAE:DSD_POPULATION@DF_POP_HIST(1.0),,I,ESP,,POP,,PS,,_T,,Y_LT20,,H,,2024,,9030688,,A,,0,,0,
DATAFLOW,OECD.ELS.SAE:DSD_POPULATION@DF_POP_HIST(1.0),,I,ESP,,POP,,PS,,_T,,Y50T54,,H,,2024,,3903911,,A,,0,,0,
DATAFLOW,OECD.ELS.SAE:DSD_POPULATION@DF_POP_HIST(1.0),,I,ESP,,POP,,PS,,_T,,Y55T59,,H,,2024,,3657779,,A,,0,,0,
DATAFLOW,OECD.ELS.SAE:DSD_POPULATION@DF_POP_HIST(1.0),,I,ESP,,POP,,PS,,_T,,Y_LE4,,H,,2024,,1724933,,A,,0,,0,
DATAFLOW,OECD.ELS.SAE:DSD_POPULATION@DF_POP_HIST(1.0),,I,ESP,,POP,,PS,,_T,,Y30T34,,H,,2024,,2851611,,A,,0,,0,
DATAFLOW,OECD.ELS.SAE:DSD_POPULATION@DF_POP_HIST(1.0),,I,ESP,,POP,,PS,,_T,,Y70T74,,H,,2024,,2286762,,A,,0,,0,
DATAFLOW,OECD.ELS.SAE:DSD_POPULATION@DF_POP_HIST(1.0),,I,ESP,,POP,,PS,,_T,,Y15T19,,H,,2024,,2665769,,A,,0,,0,
DATAFLOW,OECD.ELS.SAE:DSD_POPULATION@DF_POP_HIST(1.0),,I,ESP,,POP,,PS,,_T,,Y15T64,,H,,2024,,32397281,,A,,0,,0,
DATAFLOW,OECD.ELS.SAE:DSD_POPULATION@DF_POP_HIST(1.0),,I,ESP,,POP,,PS,,_T,,Y_GE65,,H,,2024,,10044937,,A,,0,,0,
DATAFLOW,OECD.ELS.SAE:DSD_POPULATION@DF_POP_HIST(1.0),,I,SWE,,POP,,PS,,_T,,Y30T34,,H,,2024,,775621,,A,,0,,0,
DATAFLOW,OECD.ELS.SAE:DSD_POPULATION@DF_POP_HIST(1.0),,I,SWE,,POP,,PS,,_T,,Y_LT20,,H,,2024,,2408880,,A,,0,,0,
DATAFLOW,OECD.ELS.SAE:DSD_POPULATION@DF_POP_HIST(1.0),,I,SWE,,POP,,PS,,_T,,Y_GE85,,H,,2024,,287929,,A,,0,,0,
DATAFLOW,OECD.ELS.SAE:DSD_POPULATION@DF_POP_HIST(1.0),,I,SWE,,POP,,PS,,_T,,Y80T84,,H,,2024,,341673,,A,,0,,0,
DATAFLOW,OECD.ELS.SAE:DSD_POPULATION@DF_POP_HIST(1.0),,I,SWE,,POP,,PS,,_T,,Y35T39,,H,,2024,,725979,,A,,0,,0,
DATAFLOW,OECD.ELS.SAE:DSD_POPULATION@DF_POP_HIST(1.0),,I,SWE,,POP,,PS,,_T,,Y75T79,,H,,2024,,504041,,A,,0,,0,
DATAFLOW,OECD.ELS.SAE:DSD_POPULATION@DF_POP_HIST(1.0),,I,SWE,,POP,,PS,,_T,,Y_LE4,,H,,2024,,548712,,A,,0,,0,
DATAFLOW,OECD.ELS.SAE:DSD_POPULATION@DF_POP_HIST(1.0),,I,SWE,,POP,,PS,,_T,,Y_GE50,,H,,2024,,4130243,,A,,0,,0,
DATAFLOW,OECD.ELS.SAE:DSD_POPULATION@DF_POP_HIST(1.0),,I,SWE,,POP,,PS,,_T,,Y_GE65,,H,,2024,,2190621,,A,,0,,0,
DATAFLOW,OECD.ELS.SAE:DSD_POPULATION@DF_POP_HIST(1.0),,I,SWE,,POP,,PS,,_T,,Y20T64,,H,,2024,,5970209,,A,,0,,0,
DATAFLOW,OECD.ELS.SAE:DSD_POPULATION@DF_POP_HIST(1.0),,I,SWE,,POP,,PS,,_T,,Y50T54,,H,,2024,,664384,,A,,0,,0,
DATAFLOW,OECD.ELS.SAE:DSD_POPULATION@DF_POP_HIST(1.0),,I,SWE,,POP,,PS,,_T,,Y40T44,,H,,2024,,658362,,A,,0,,0,
DATAFLOW,OECD.ELS.SAE:DSD_POPULATION@DF_POP_HIST(1.0),,I,SWE,,POP,,PS,,_T,,Y20T24,,H,,2024,,593992,,A,,0,,0,
DATAFLOW,OECD.ELS.SAE:DSD_POPULATION@DF_POP_HIST(1.0),,I,SWE,,POP,,PS,,_T,,Y45T49,,H,,2024,,640999,,A,,0,,0,
DATAFLOW,OECD.ELS.SAE:DSD_POPULATION@DF_POP_HIST(1.0),,I,SWE,,POP,,PS,,_T,,Y25T29,,H,,2024,,635634,,A,,0,,0,
DATAFLOW,OECD.ELS.SAE:DSD_POPULATION@DF_POP_HIST(1.0),,I,SWE,,POP,,PS,,_T,,Y65T69,,H,,2024,,546062,,A,,0,,0,
DATAFLOW,OECD.ELS.SAE:DSD_POPULATION@DF_POP_HIST(1.0),,I,SWE,,POP,,PS,,_T,,_T,,H,,2024,,10569710,,A,,0,,0,
DATAFLOW,OECD.ELS.SAE:DSD_POPULATION@DF_POP_HIST(1.0),,I,SWE,,POP,,PS,,_T,,Y15T19,,H,,2024,,617854,,A,,0,,0,
DATAFLOW,OECD.ELS.SAE:DSD_POPULATION@DF_POP_HIST(1.0),,I,SWE,,POP,,PS,,_T,,Y15T64,,H,,2024,,6588063,,A,,0,,0,
DATAFLOW,OECD.ELS.SAE:DSD_POPULATION@DF_POP_HIST(1.0),,I,SWE,,POP,,PS,,_T,,Y5T9,,H,,2024,,611421,,A,,0,,0,
DATAFLOW,OECD.ELS.SAE:DSD_POPULATION@DF_POP_HIST(1.0),,I,SWE,,POP,,PS,,_T,,Y70T74,,H,,2024,,510916,,A,,0,,0,
DATAFLOW,OECD.ELS.SAE:DSD_POPULATION@DF_POP_HIST(1.0),,I,SWE,,POP,,PS,,_T,,Y60T64,,H,,2024,,597840,,A,,0,,0,
DATAFLOW,OECD.ELS.SAE:DSD_POPULATION@DF_POP_HIST(1.0),,I,SWE,,POP,,PS,,_T,,Y55T59,,H,,2024,,677398,,A,,0,,0,
DATAFLOW,OECD.ELS.SAE:DSD_POPULATION@DF_POP_HIST(1.0),,I,CHE,,POP,,PS,,_T,,Y50T54,,H,,2024,,623175,,A,,0,,0,
DATAFLOW,OECD.ELS.SAE:DSD_POPULATION@DF_POP_HIST(1.0),,I,CHE,,POP,,PS,,_T,,Y55T59,,H,,2024,,658575,,A,,0,,0,
DATAFLOW,OECD.ELS.SAE:DSD_POPULATION@DF_POP_HIST(1.0),,I,CHE,,POP,,PS,,_T,,Y15T64,,H,,2024,,5913235,,A,,0,,0,
DATAFLOW,OECD.ELS.SAE:DSD_POPULATION@DF_POP_HIST(1.0),,I,CHE,,POP,,PS,,_T,,Y_LT20,,H,,2024,,1792805,,A,,0,,0,
DATAFLOW,OECD.ELS.SAE:DSD_POPULATION@DF_POP_HIST(1.0),,I,CHE,,POP,,PS,,_T,,Y5T9,,H,,2024,,460610,,A,,0,,0,
DATAFLOW,OECD.ELS.SAE:DSD_POPULATION@DF_POP_HIST(1.0),,I,CHE,,POP,,PS,,_T,,Y70T74,,H,,2024,,401423,,A,,0,,0,
DATAFLOW,OECD.ELS.SAE:DSD_POPULATION@DF_POP_HIST(1.0),,I,CHE,,POP,,PS,,_T,,Y75T79,,H,,2024,,360332,,A,,0,,0,
DATAFLOW,OECD.ELS.SAE:DSD_POPULATION@DF_POP_HIST(1.0),,I,CHE,,POP,,PS,,_T,,Y25T29,,H,,2024,,562549,,A,,0,,0,
DATAFLOW,OECD.ELS.SAE:DSD_POPULATION@DF_POP_HIST(1.0),,I,CHE,,POP,,PS,,_T,,Y65T69,,H,,2024,,474569,,A,,0,,0,
DATAFLOW,OECD.ELS.SAE:DSD_POPULATION@DF_POP_HIST(1.0),,I,CHE,,POP,,PS,,_T,,Y45T49,,H,,2024,,607115,,A,,0,,0,
DATAFLOW,OECD.ELS.SAE:DSD_POPULATION@DF_POP_HIST(1.0),,I,CHE,,POP,,PS,,_T,,Y60T64,,H,,2024,,592625,,A,,0,,0,
DATAFLOW,OECD.ELS.SAE:DSD_POPULATION@DF_POP_HIST(1.0),,I,CHE,,POP,,PS,,_T,,Y20T24,,H,,2024,,471425,,A,,0,,0,
DATAFLOW,OECD.ELS.SAE:DSD_POPULATION@DF_POP_HIST(1.0),,I,CHE,,POP,,PS,,_T,,Y20T64,,H,,2024,,5462851,,A,,0,,0,
DATAFLOW,OECD.ELS.SAE:DSD_POPULATION@DF_POP_HIST(1.0),,I,CHE,,POP,,PS,,_T,,Y_GE65,,H,,2024,,1749925,,A,,0,,0,
DATAFLOW,OECD.ELS.SAE:DSD_POPULATION@DF_POP_HIST(1.0),,I,CHE,,POP,,PS,,_T,,Y15T19,,H,,2024,,450384,,A,,0,,0,
DATAFLOW,OECD.ELS.SAE:DSD_POPULATION@DF_POP_HIST(1.0),,I,CHE,,POP,,PS,,_T,,Y30T34,,H,,2024,,642819,,A,,0,,0,
DATAFLOW,OECD.ELS.SAE:DSD_POPULATION@DF_POP_HIST(1.0),,I,CHE,,POP,,PS,,_T,,Y_LE4,,H,,2024,,425017,,A,,0,,0,
DATAFLOW,OECD.ELS.SAE:DSD_POPULATION@DF_POP_HIST(1.0),,I,CHE,,POP,,PS,,_T,,Y10T14,,H,,2024,,456794,,A,,0,,0,
DATAFLOW,OECD.ELS.SAE:DSD_POPULATION@DF_POP_HIST(1.0),,I,CHE,,POP,,PS,,_T,,Y_GE85,,H,,2024,,249815,,A,,0,,0,
DATAFLOW,OECD.ELS.SAE:DSD_POPULATION@DF_POP_HIST(1.0),,I,CHE,,POP,,PS,,_T,,Y80T84,,H,,2024,,263786,,A,,0,,0,
DATAFLOW,OECD.ELS.SAE:DSD_POPULATION@DF_POP_HIST(1.0),,I,CHE,,POP,,PS,,_T,,Y_GE50,,H,,2024,,3624300,,A,,0,,0,
DATAFLOW,OECD.ELS.SAE:DSD_POPULATION@DF_POP_HIST(1.0),,I,CHE,,POP,,PS,,_T,,_T,,H,,2024,,9005581,,A,,0,,0,
DATAFLOW,OECD.ELS.SAE:DSD_POPULATION@DF_POP_HIST(1.0),,I,CHE,,POP,,PS,,_T,,Y35T39,,H,,2024,,658711,,A,,0,,0,
DATAFLOW,OECD.ELS.SAE:DSD_POPULATION@DF_POP_HIST(1.0),,I,TUR,,POP,,PS,,_T,,Y_GE65,,H,,2024,,8917553.5,,A,,0,,0,
DATAFLOW,OECD.ELS.SAE:DSD_POPULATION@DF_POP_HIST(1.0),,I,TUR,,POP,,PS,,_T,,Y30T34,,H,,2024,,6277882.5,,A,,0,,0,
DATAFLOW,OECD.ELS.SAE:DSD_POPULATION@DF_POP_HIST(1.0),,I,TUR,,POP,,PS,,_T,,Y40T44,,H,,2024,,6546415,,A,,0,,0,
DATAFLOW,OECD.ELS.SAE:DSD_POPULATION@DF_POP_HIST(1.0),,I,TUR,,POP,,PS,,_T,,Y80T84,,H,,2024,,923448,,A,,0,,0,
DATAFLOW,OECD.ELS.SAE:DSD_POPULATION@DF_POP_HIST(1.0),,I,TUR,,POP,,PS,,_T,,Y65T69,,H,,2024,,3287188,,A,,0,,0,
DATAFLOW,OECD.ELS.SAE:DSD_POPULATION@DF_POP_HIST(1.0),,I,TUR,,POP,,PS,,_T,,Y45T49,,H,,2024,,5869853,,A,,0,,0,
DATAFLOW,OECD.ELS.SAE:DSD_POPULATION@DF_POP_HIST(1.0),,I,TUR,,POP,,PS,,_T,,Y50T54,,H,,2024,,5369024,,A,,0,,0,
DATAFLOW,OECD.ELS.SAE:DSD_POPULATION@DF_POP_HIST(1.0),,I,TUR,,POP,,PS,,_T,,Y70T74,,H,,2024,,2393405,,A,,0,,0,
DATAFLOW,OECD.ELS.SAE:DSD_POPULATION@DF_POP_HIST(1.0),,I,TUR,,POP,,PS,,_T,,Y_LT20,,H,,2024,,24531624,,A,,0,,0,
DATAFLOW,OECD.ELS.SAE:DSD_POPULATION@DF_POP_HIST(1.0),,I,TUR,,POP,,PS,,_T,,Y20T24,,H,,2024,,6405074.5,,A,,0,,0,
DATAFLOW,OECD.ELS.SAE:DSD_POPULATION@DF_POP_HIST(1.0),,I,TUR,,POP,,PS,,_T,,Y15T64,,H,,2024,,58482010,,A,,0,,0,
DATAFLOW,OECD.ELS.SAE:DSD_POPULATION@DF_POP_HIST(1.0),,I,TUR,,POP,,PS,,_T,,Y15T19,,H,,2024,,6412524.5,,A,,0,,0,
DATAFLOW,OECD.ELS.SAE:DSD_POPULATION@DF_POP_HIST(1.0),,I,TUR,,POP,,PS,,_T,,Y5T9,,H,,2024,,6475785.5,,A,,0,,0,
DATAFLOW,OECD.ELS.SAE:DSD_POPULATION@DF_POP_HIST(1.0),,I,TUR,,POP,,PS,,_T,,Y55T59,,H,,2024,,4603043,,A,,0,,0,
DATAFLOW,OECD.ELS.SAE:DSD_POPULATION@DF_POP_HIST(1.0),,I,TUR,,POP,,PS,,_T,,Y_GE85,,H,,2024,,701740,,A,,0,,0,
DATAFLOW,OECD.ELS.SAE:DSD_POPULATION@DF_POP_HIST(1.0),,I,TUR,,POP,,PS,,_T,,Y_LE4,,H,,2024,,5215220,,A,,0,,0,
DATAFLOW,OECD.ELS.SAE:DSD_POPULATION@DF_POP_HIST(1.0),,I,TUR,,POP,,PS,,_T,,Y10T14,,H,,2024,,6428093.5,,A,,0,,0,
DATAFLOW,OECD.ELS.SAE:DSD_POPULATION@DF_POP_HIST(1.0),,I,TUR,,POP,,PS,,_T,,Y_GE50,,H,,2024,,23024068,,A,,0,,0,
DATAFLOW,OECD.ELS.SAE:DSD_POPULATION@DF_POP_HIST(1.0),,I,TUR,,POP,,PS,,_T,,Y25T29,,H,,2024,,6548839,,A,,0,,0,
DATAFLOW,OECD.ELS.SAE:DSD_POPULATION@DF_POP_HIST(1.0),,I,TUR,,POP,,PS,,_T,,Y20T64,,H,,2024,,52069485,,A,,0,,0,
DATAFLOW,OECD.ELS.SAE:DSD_POPULATION@DF_POP_HIST(1.0),,I,TUR,,POP,,PS,,_T,,Y75T79,,H,,2024,,1611772.5,,A,,0,,0,
DATAFLOW,OECD.ELS.SAE:DSD_POPULATION@DF_POP_HIST(1.0),,I,TUR,,POP,,PS,,_T,,_T,,H,,2024,,85518662,,A,,0,,0,
DATAFLOW,OECD.ELS.SAE:DSD_POPULATION@DF_POP_HIST(1.0),,I,TUR,,POP,,PS,,_T,,Y35T39,,H,,2024,,6314907,,A,,0,,0,
DATAFLOW,OECD.ELS.SAE:DSD_POPULATION@DF_POP_HIST(1.0),,I,GBR,,POP,,PS,,_T,,Y_GE65,,H,,2024,,13157644,,A,,0,,0,
DATAFLOW,OECD.ELS.SAE:DSD_POPULATION@DF_POP_HIST(1.0),,I,GBR,,POP,,PS,,_T,,Y70T74,,H,,2024,,3095725,,A,,0,,0,
DATAFLOW,OECD.ELS.SAE:DSD_POPULATION@DF_POP_HIST(1.0),,I,GBR,,POP,,PS,,_T,,Y25T29,,H,,2024,,4510377,,A,,0,,0,
DATAFLOW,OECD.ELS.SAE:DSD_POPULATION@DF_POP_HIST(1.0),,I,GBR,,POP,,PS,,_T,,Y80T84,,H,,2024,,1839855,,A,,0,,0,
DATAFLOW,OECD.ELS.SAE:DSD_POPULATION@DF_POP_HIST(1.0),,I,GBR,,POP,,PS,,_T,,Y50T54,,H,,2024,,4417548,,A,,0,,0,
DATAFLOW,OECD.ELS.SAE:DSD_POPULATION@DF_POP_HIST(1.0),,I,GBR,,POP,,PS,,_T,,Y60T64,,H,,2024,,4287122,,A,,0,,0,
DATAFLOW,OECD.ELS.SAE:DSD_POPULATION@DF_POP_HIST(1.0),,I,GBR,,POP,,PS,,_T,,Y75T79,,H,,2024,,2898678,,A,,0,,0,
DATAFLOW,OECD.ELS.SAE:DSD_POPULATION@DF_POP_HIST(1.0),,I,GBR,,POP,,PS,,_T,,Y40T44,,H,,2024,,4721196,,A,,0,,0,
DATAFLOW,OECD.ELS.SAE:DSD_POPULATION@DF_POP_HIST(1.0),,I,GBR,,POP,,PS,,_T,,Y65T69,,H,,2024,,3570997,,A,,0,,0,
DATAFLOW,OECD.ELS.SAE:DSD_POPULATION@DF_POP_HIST(1.0),,I,GBR,,POP,,PS,,_T,,Y_GE50,,H,,2024,,26478948,,A,,0,,0,
DATAFLOW,OECD.ELS.SAE:DSD_POPULATION@DF_POP_HIST(1.0),,I,GBR,,POP,,PS,,_T,,Y35T39,,H,,2024,,4865623,,A,,0,,0,
DATAFLOW,OECD.ELS.SAE:DSD_POPULATION@DF_POP_HIST(1.0),,I,GBR,,POP,,PS,,_T,,Y5T9,,H,,2024,,3877677,,A,,0,,0,
DATAFLOW,OECD.ELS.SAE:DSD_POPULATION@DF_POP_HIST(1.0),,I,GBR,,POP,,PS,,_T,,Y55T59,,H,,2024,,4616634,,A,,0,,0,
DATAFLOW,OECD.ELS.SAE:DSD_POPULATION@DF_POP_HIST(1.0),,I,GBR,,POP,,PS,,_T,,Y20T24,,H,,2024,,4126644,,A,,0,,0,
DATAFLOW,OECD.ELS.SAE:DSD_POPULATION@DF_POP_HIST(1.0),,I,GBR,,POP,,PS,,_T,,Y45T49,,H,,2024,,4074659,,A,,0,,0,
DATAFLOW,OECD.ELS.SAE:DSD_POPULATION@DF_POP_HIST(1.0),,I,GBR,,POP,,PS,,_T,,Y20T64,,H,,2024,,40393816,,A,,0,,0,
DATAFLOW,OECD.ELS.SAE:DSD_POPULATION@DF_POP_HIST(1.0),,I,GBR,,POP,,PS,,_T,,Y15T64,,H,,2024,,44707312,,A,,0,,0,
DATAFLOW,OECD.ELS.SAE:DSD_POPULATION@DF_POP_HIST(1.0),,I,GBR,,POP,,PS,,_T,,Y15T19,,H,,2024,,4313496,,A,,0,,0,
DATAFLOW,OECD.ELS.SAE:DSD_POPULATION@DF_POP_HIST(1.0),,I,GBR,,POP,,PS,,_T,,Y_GE85,,H,,2024,,1752389,,A,,0,,0,
DATAFLOW,OECD.ELS.SAE:DSD_POPULATION@DF_POP_HIST(1.0),,I,GBR,,POP,,PS,,_T,,Y_LT20,,H,,2024,,15965747,,A,,0,,0,
DATAFLOW,OECD.ELS.SAE:DSD_POPULATION@DF_POP_HIST(1.0),,I,GBR,,POP,,PS,,_T,,Y30T34,,H,,2024,,4774013,,A,,0,,0,
DATAFLOW,OECD.ELS.SAE:DSD_POPULATION@DF_POP_HIST(1.0),,I,GBR,,POP,,PS,,_T,,Y_LE4,,H,,2024,,3513523,,A,,0,,0,
DATAFLOW,OECD.ELS.SAE:DSD_POPULATION@DF_POP_HIST(1.0),,I,GBR,,POP,,PS,,_T,,Y10T14,,H,,2024,,4261051,,A,,0,,0,
DATAFLOW,OECD.ELS.SAE:DSD_POPULATION@DF_POP_HIST(1.0),,I,USA,,POP,,PS,,_T,,Y_GE85,,H,,2024,,6369787,,A,,0,,0,
DATAFLOW,OECD.ELS.SAE:DSD_POPULATION@DF_POP_HIST(1.0),,I,USA,,POP,,PS,,_T,,Y25T29,,H,,2024,,21970746,,A,,0,,0,
DATAFLOW,OECD.ELS.SAE:DSD_POPULATION@DF_POP_HIST(1.0),,I,USA,,POP,,PS,,_T,,Y_LT20,,H,,2024,,81186628,,A,,0,,0,
DATAFLOW,OECD.ELS.SAE:DSD_POPULATION@DF_POP_HIST(1.0),,I,USA,,POP,,PS,,_T,,Y_LE4,,H,,2024,,18436957,,A,,0,,0,
DATAFLOW,OECD.ELS.SAE:DSD_POPULATION@DF_POP_HIST(1.0),,I,USA,,POP,,PS,,_T,,Y50T54,,H,,2024,,20382349,,A,,0,,0,
DATAFLOW,OECD.ELS.SAE:DSD_POPULATION@DF_POP_HIST(1.0),,I,USA,,POP,,PS,,_T,,Y65T69,,H,,2024,,19448267,,A,,0,,0,
DATAFLOW,OECD.ELS.SAE:DSD_POPULATION@DF_POP_HIST(1.0),,I,USA,,POP,,PS,,_T,,Y70T74,,H,,2024,,15944805,,A,,0,,0,
DATAFLOW,OECD.ELS.SAE:DSD_POPULATION@DF_POP_HIST(1.0),,I,USA,,POP,,PS,,_T,,Y75T79,,H,,2024,,11998453,,A,,0,,0,
DATAFLOW,OECD.ELS.SAE:DSD_POPULATION@DF_POP_HIST(1.0),,I,USA,,POP,,PS,,_T,,Y15T64,,H,,2024,,216521680,,A,,0,,0,
DATAFLOW,OECD.ELS.SAE:DSD_POPULATION@DF_POP_HIST(1.0),,I,USA,,POP,,PS,,_T,,Y45T49,,H,,2024,,20129036,,A,,0,,0,
DATAFLOW,OECD.ELS.SAE:DSD_POPULATION@DF_POP_HIST(1.0),,I,USA,,POP,,PS,,_T,,Y_GE65,,H,,2024,,61071834,,A,,0,,0,
DATAFLOW,OECD.ELS.SAE:DSD_POPULATION@DF_POP_HIST(1.0),,I,USA,,POP,,PS,,_T,,Y20T24,,H,,2024,,21999941,,A,,0,,0,
DATAFLOW,OECD.ELS.SAE:DSD_POPULATION@DF_POP_HIST(1.0),,I,USA,,POP,,PS,,_T,,Y60T64,,H,,2024,,21219726,,A,,0,,0,
DATAFLOW,OECD.ELS.SAE:DSD_POPULATION@DF_POP_HIST(1.0),,I,USA,,POP,,PS,,_T,,Y_GE50,,H,,2024,,122933481,,A,,0,,0,
DATAFLOW,OECD.ELS.SAE:DSD_POPULATION@DF_POP_HIST(1.0),,I,USA,,POP,,PS,,_T,,_T,,H,,2024,,336673595,,A,,0,,0,
DATAFLOW,OECD.ELS.SAE:DSD_POPULATION@DF_POP_HIST(1.0),,I,USA,,POP,,PS,,_T,,Y10T14,,H,,2024,,20694795,,A,,0,,0,
DATAFLOW,OECD.ELS.SAE:DSD_POPULATION@DF_POP_HIST(1.0),,I,USA,,POP,,PS,,_T,,Y80T84,,H,,2024,,7310522,,A,,0,,0,
DATAFLOW,OECD.ELS.SAE:DSD_POPULATION@DF_POP_HIST(1.0),,I,USA,,POP,,PS,,_T,,Y40T44,,H,,2024,,22121723,,A,,0,,0,
DATAFLOW,OECD.ELS.SAE:DSD_POPULATION@DF_POP_HIST(1.0),,I,USA,,POP,,PS,,_T,,Y20T64,,H,,2024,,194415133,,A,,0,,0,
DATAFLOW,OECD.ELS.SAE:DSD_POPULATION@DF_POP_HIST(1.0),,I,USA,,POP,,PS,,_T,,Y35T39,,H,,2024,,22803165,,A,,0,,0,
DATAFLOW,OECD.ELS.SAE:DSD_POPULATION@DF_POP_HIST(1.0),,I,USA,,POP,,PS,,_T,,Y5T9,,H,,2024,,19948329,,A,,0,,0,
DATAFLOW,OECD.ELS.SAE:DSD_POPULATION@DF_POP_HIST(1.0),,I,USA,,POP,,PS,,_T,,Y15T19,,H,,2024,,22106547,,A,,0,,0,
DATAFLOW,OECD.ELS.SAE:DSD_POPULATION@DF_POP_HIST(1.0),,I,USA,,POP,,PS,,_T,,Y55T59,,H,,2024,,20259572,,A,,0,,0,
DATAFLOW,OECD.ELS.SAE:DSD_POPULATION@DF_POP_HIST(1.0),,I,G20,,POP,,PS,,_T,,Y35T39,,H,,2024,,381694565,,A,,0,,0,
DATAFLOW,OECD.ELS.SAE:DSD_POPULATION@DF_POP_HIST(1.0),,I,G20,,POP,,PS,,_T,,Y_LE4,,H,,2024,,286163998,,A,,0,,0,
DATAFLOW,OECD.ELS.SAE:DSD_POPULATION@DF_POP_HIST(1.0),,I,G20,,POP,,PS,,_T,,Y_GE50,,H,,2024,,1533310000,,A,,0,,0,
DATAFLOW,OECD.ELS.SAE:DSD_POPULATION@DF_POP_HIST(1.0),,I,G20,,POP,,PS,,_T,,Y_GE85,,H,,2024,,61255849,,A,,0,,0,
DATAFLOW,OECD.ELS.SAE:DSD_POPULATION@DF_POP_HIST(1.0),,I,G20,,POP,,PS,,_T,,_T,,H,,2024,,4978320000,,A,,0,,0,
DATAFLOW,OECD.ELS.SAE:DSD_POPULATION@DF_POP_HIST(1.0),,I,G20,,POP,,PS,,_T,,Y50T54,,H,,2024,,329574174,,A,,0,,0,
DATAFLOW,OECD.ELS.SAE:DSD_POPULATION@DF_POP_HIST(1.0),,I,G20,,POP,,PS,,_T,,Y5T9,,H,,2024,,335157475,,A,,0,,0,
DATAFLOW,OECD.ELS.SAE:DSD_POPULATION@DF_POP_HIST(1.0),,I,G20,,POP,,PS,,_T,,Y10T14,,H,,2024,,350207714,,A,,0,,0,
DATAFLOW,OECD.ELS.SAE:DSD_POPULATION@DF_POP_HIST(1.0),,I,G20,,POP,,PS,,_T,,Y30T34,,H,,2024,,374907854,,A,,0,,0,
DATAFLOW,OECD.ELS.SAE:DSD_POPULATION@DF_POP_HIST(1.0),,I,G20,,POP,,PS,,_T,,Y60T64,,H,,2024,,255393428,,A,,0,,0,
DATAFLOW,OECD.ELS.SAE:DSD_POPULATION@DF_POP_HIST(1.0),,I,G20,,POP,,PS,,_T,,Y25T29,,H,,2024,,353059454,,A,,0,,0,
DATAFLOW,OECD.ELS.SAE:DSD_POPULATION@DF_POP_HIST(1.0),,I,G20,,POP,,PS,,_T,,Y15T19,,H,,2024,,346937473,,A,,0,,0,
DATAFLOW,OECD.ELS.SAE:DSD_POPULATION@DF_POP_HIST(1.0),,I,G20,,POP,,PS,,_T,,Y_GE65,,H,,2024,,643943102,,A,,0,,0,
DATAFLOW,OECD.ELS.SAE:DSD_POPULATION@DF_POP_HIST(1.0),,I,G20,,POP,,PS,,_T,,Y75T79,,H,,2024,,116285646,,A,,0,,0,
DATAFLOW,OECD.ELS.SAE:DSD_POPULATION@DF_POP_HIST(1.0),,I,G20,,POP,,PS,,_T,,Y20T64,,H,,2024,,3015910000,,A,,0,,0,
DATAFLOW,OECD.ELS.SAE:DSD_POPULATION@DF_POP_HIST(1.0),,I,G20,,POP,,PS,,_T,,Y20T24,,H,,2024,,347853549,,A,,0,,0,
DATAFLOW,OECD.ELS.SAE:DSD_POPULATION@DF_POP_HIST(1.0),,I,G20,,POP,,PS,,_T,,Y45T49,,H,,2024,,320369743,,A,,0,,0,
DATAFLOW,OECD.ELS.SAE:DSD_POPULATION@DF_POP_HIST(1.0),,I,G20,,POP,,PS,,_T,,Y15T64,,H,,2024,,3362850000,,A,,0,,0,
DATAFLOW,OECD.ELS.SAE:DSD_POPULATION@DF_POP_HIST(1.0),,I,G20,,POP,,PS,,_T,,Y80T84,,H,,2024,,71702596,,A,,0,,0,
DATAFLOW,OECD.ELS.SAE:DSD_POPULATION@DF_POP_HIST(1.0),,I,G20,,POP,,PS,,_T,,Y40T44,,H,,2024,,348656679,,A,,0,,0,
DATAFLOW,OECD.ELS.SAE:DSD_POPULATION@DF_POP_HIST(1.0),,I,G20,,POP,,PS,,_T,,Y65T69,,H,,2024,,218746860,,A,,0,,0,
DATAFLOW,OECD.ELS.SAE:DSD_POPULATION@DF_POP_HIST(1.0),,I,G20,,POP,,PS,,_T,,Y55T59,,H,,2024,,304402977,,A,,0,,0,
DATAFLOW,OECD.ELS.SAE:DSD_POPULATION@DF_POP_HIST(1.0),,I,G20,,POP,,PS,,_T,,Y_LT20,,H,,2024,,1318470000,,A,,0,,0,
DATAFLOW,OECD.ELS.SAE:DSD_POPULATION@DF_POP_HIST(1.0),,I,EU27,,POP,,PS,,_T,,_T,,H,,2024,,450807117,,A,,0,,0,
DATAFLOW,OECD.ELS.SAE:DSD_POPULATION@DF_POP_HIST(1.0),,I,EU27,,POP,,PS,,_T,,Y25T29,,H,,2024,,25287993,,A,,0,,0,
DATAFLOW,OECD.ELS.SAE:DSD_POPULATION@DF_POP_HIST(1.0),,I,EU27,,POP,,PS,,_T,,Y40T44,,H,,2024,,30657719,,A,,0,,0,
DATAFLOW,OECD.ELS.SAE:DSD_POPULATION@DF_POP_HIST(1.0),,I,EU27,,POP,,PS,,_T,,Y_GE50,,H,,2024,,192483324,,A,,0,,0,
DATAFLOW,OECD.ELS.SAE:DSD_POPULATION@DF_POP_HIST(1.0),,I,EU27,,POP,,PS,,_T,,Y50T54,,H,,2024,,31890677,,A,,0,,0,
DATAFLOW,OECD.ELS.SAE:DSD_POPULATION@DF_POP_HIST(1.0),,I,EU27,,POP,,PS,,_T,,Y20T24,,H,,2024,,24124377,,A,,0,,0,
DATAFLOW,OECD.ELS.SAE:DSD_POPULATION@DF_POP_HIST(1.0),,I,EU27,,POP,,PS,,_T,,Y65T69,,H,,2024,,27452063,,A,,0,,0,
DATAFLOW,OECD.ELS.SAE:DSD_POPULATION@DF_POP_HIST(1.0),,I,EU27,,POP,,PS,,_T,,Y_LT20,,H,,2024,,89566420,,A,,0,,0,
DATAFLOW,OECD.ELS.SAE:DSD_POPULATION@DF_POP_HIST(1.0),,I,EU27,,POP,,PS,,_T,,Y_GE65,,H,,2024,,97990275,,A,,0,,0,
DATAFLOW,OECD.ELS.SAE:DSD_POPULATION@DF_POP_HIST(1.0),,I,EU27,,POP,,PS,,_T,,Y55T59,,H,,2024,,32253391,,A,,0,,0,
DATAFLOW,OECD.ELS.SAE:DSD_POPULATION@DF_POP_HIST(1.0),,I,EU27,,POP,,PS,,_T,,Y10T14,,H,,2024,,23506006,,A,,0,,0,
DATAFLOW,OECD.ELS.SAE:DSD_POPULATION@DF_POP_HIST(1.0),,I,EU27,,POP,,PS,,_T,,Y35T39,,H,,2024,,29516437,,A,,0,,0,
DATAFLOW,OECD.ELS.SAE:DSD_POPULATION@DF_POP_HIST(1.0),,I,EU27,,POP,,PS,,_T,,Y45T49,,H,,2024,,31417478,,A,,0,,0,
DATAFLOW,OECD.ELS.SAE:DSD_POPULATION@DF_POP_HIST(1.0),,I,EU27,,POP,,PS,,_T,,Y15T19,,H,,2024,,24180348,,A,,0,,0,
DATAFLOW,OECD.ELS.SAE:DSD_POPULATION@DF_POP_HIST(1.0),,I,EU27,,POP,,PS,,_T,,Y70T74,,H,,2024,,23905660,,A,,0,,0,
DATAFLOW,OECD.ELS.SAE:DSD_POPULATION@DF_POP_HIST(1.0),,I,EU27,,POP,,PS,,_T,,Y5T9,,H,,2024,,22273548,,A,,0,,0,
DATAFLOW,OECD.ELS.SAE:DSD_POPULATION@DF_POP_HIST(1.0),,I,EU27,,POP,,PS,,_T,,Y60T64,,H,,2024,,30348981,,A,,0,,0,
DATAFLOW,OECD.ELS.SAE:DSD_POPULATION@DF_POP_HIST(1.0),,I,EU27,,POP,,PS,,_T,,Y80T84,,H,,2024,,13672035,,A,,0,,0,
DATAFLOW,OECD.ELS.SAE:DSD_POPULATION@DF_POP_HIST(1.0),,I,EU27,,POP,,PS,,_T,,Y75T79,,H,,2024,,19080165,,A,,0,,0,
DATAFLOW,OECD.ELS.SAE:DSD_POPULATION@DF_POP_HIST(1.0),,I,EU27,,POP,,PS,,_T,,Y20T64,,H,,2024,,263250418,,A,,0,,0,
DATAFLOW,OECD.ELS.SAE:DSD_POPULATION@DF_POP_HIST(1.0),,I,EU27,,POP,,PS,,_T,,Y15T64,,H,,2024,,287430766,,A,,0,,0,
DATAFLOW,OECD.ELS.SAE:DSD_POPULATION@DF_POP_HIST(1.0),,I,EU27,,POP,,PS,,_T,,Y_GE85,,H,,2024,,13880354,,A,,0,,0,
DATAFLOW,OECD.ELS.SAE:DSD_POPULATION@DF_POP_HIST(1.0),,I,EU27,,POP,,PS,,_T,,Y_LE4,,H,,2024,,19606519,,A,,0,,0,
DATAFLOW,OECD.ELS.SAE:DSD_POPULATION@DF_POP_HIST(1.0),,I,OECD,,POP,,PS,,_T,,Y_LT20,,H,,2024,,320091980,,A,,0,,0,
DATAFLOW,OECD.ELS.SAE:DSD_POPULATION@DF_POP_HIST(1.0),,I,OECD,,POP,,PS,,_T,,Y35T39,,H,,2024,,93966557,,A,,0,,0,
DATAFLOW,OECD.ELS.SAE:DSD_POPULATION@DF_POP_HIST(1.0),,I,OECD,,POP,,PS,,_T,,Y80T84,,H,,2024,,34912468,,A,,0,,0,
DATAFLOW,OECD.ELS.SAE:DSD_POPULATION@DF_POP_HIST(1.0),,I,OECD,,POP,,PS,,_T,,Y_GE65,,H,,2024,,258312241,,A,,0,,0,
DATAFLOW,OECD.ELS.SAE:DSD_POPULATION@DF_POP_HIST(1.0),,I,OECD,,POP,,PS,,_T,,Y20T24,,H,,2024,,87746059,,A,,0,,0,
DATAFLOW,OECD.ELS.SAE:DSD_POPULATION@DF_POP_HIST(1.0),,I,OECD,,POP,,PS,,_T,,Y55T59,,H,,2024,,88738219,,A,,0,,0,
DATAFLOW,OECD.ELS.SAE:DSD_POPULATION@DF_POP_HIST(1.0),,I,OECD,,POP,,PS,,_T,,Y_GE85,,H,,2024,,34016920,,A,,0,,0,
DATAFLOW,OECD.ELS.SAE:DSD_POPULATION@DF_POP_HIST(1.0),,I,OECD,,POP,,PS,,_T,,Y30T34,,H,,2024,,94818778,,A,,0,,0,
DATAFLOW,OECD.ELS.SAE:DSD_POPULATION@DF_POP_HIST(1.0),,I,OECD,,POP,,PS,,_T,,Y65T69,,H,,2024,,74758630,,A,,0,,0,
DATAFLOW,OECD.ELS.SAE:DSD_POPULATION@DF_POP_HIST(1.0),,I,OECD,,POP,,PS,,_T,,Y40T44,,H,,2024,,93995356,,A,,0,,0,
DATAFLOW,OECD.ELS.SAE:DSD_POPULATION@DF_POP_HIST(1.0),,I,OECD,,POP,,PS,,_T,,Y_LE4,,H,,2024,,71265845,,A,,0,,0,
DATAFLOW,OECD.ELS.SAE:DSD_POPULATION@DF_POP_HIST(1.0),,I,OECD,,POP,,PS,,_T,,Y15T64,,H,,2024,,903311321,,A,,0,,0,
DATAFLOW,OECD.ELS.SAE:DSD_POPULATION@DF_POP_HIST(1.0),,I,OECD,,POP,,PS,,_T,,Y20T64,,H,,2024,,817413321,,A,,0,,0,
DATAFLOW,OECD.ELS.SAE:DSD_POPULATION@DF_POP_HIST(1.0),,I,OECD,,POP,,PS,,_T,,Y60T64,,H,,2024,,84816859,,A,,0,,0,
DATAFLOW,OECD.ELS.SAE:DSD_POPULATION@DF_POP_HIST(1.0),,I,OECD,,POP,,PS,,_T,,Y_GE50,,H,,2024,,523691641,,A,,0,,0,
DATAFLOW,OECD.ELS.SAE:DSD_POPULATION@DF_POP_HIST(1.0),,I,OECD,,POP,,PS,,_T,,Y25T29,,H,,2024,,91090207,,A,,0,,0,
DATAFLOW,OECD.ELS.SAE:DSD_POPULATION@DF_POP_HIST(1.0),,I,OECD,,POP,,PS,,_T,,Y50T54,,H,,2024,,91824322,,A,,0,,0,
DATAFLOW,OECD.ELS.SAE:DSD_POPULATION@DF_POP_HIST(1.0),,I,OECD,,POP,,PS,,_T,,Y15T19,,H,,2024,,85898000,,A,,0,,0,
DATAFLOW,OECD.ELS.SAE:DSD_POPULATION@DF_POP_HIST(1.0),,I,OECD,,POP,,PS,,_T,,Y5T9,,H,,2024,,79503802,,A,,0,,0,
DATAFLOW,OECD.ELS.SAE:DSD_POPULATION@DF_POP_HIST(1.0),,I,OECD,,POP,,PS,,_T,,Y70T74,,H,,2024,,63562425,,A,,0,,0,
DATAFLOW,OECD.ELS.SAE:DSD_POPULATION@DF_POP_HIST(1.0),,I,OECD,,POP,,PS,,_T,,Y10T14,,H,,2024,,83424333,,A,,0,,0,
DATAFLOW,OECD.ELS.SAE:DSD_POPULATION@DF_POP_HIST(1.0),,I,OECD,,POP,,PS,,_T,,Y45T49,,H,,2024,,90416964,,A,,0,,0,
DATAFLOW,OECD.ELS.SAE:DSD_POPULATION@DF_POP_HIST(1.0),,I,OECD,,POP,,PS,,_T,,_T,,H,,2024,,1395880000,,A,,0,,0,
DATAFLOW,OECD.ELS.SAE:DSD_POPULATION@DF_POP_HIST(1.0),,I,ARG,,POP,,PS,,_T,,Y50T54,,H,,2024,,2535560,,A,,0,,0,
DATAFLOW,OECD.ELS.SAE:DSD_POPULATION@DF_POP_HIST(1.0),,I,ARG,,POP,,PS,,_T,,Y45T49,,H,,2024,,2987456.5,,A,,0,,0,
DATAFLOW,OECD.ELS.SAE:DSD_POPULATION@DF_POP_HIST(1.0),,I,ARG,,POP,,PS,,_T,,Y_GE85,,H,,2024,,617018.5,,A,,0,,0,
DATAFLOW,OECD.ELS.SAE:DSD_POPULATION@DF_POP_HIST(1.0),,I,ARG,,POP,,PS,,_T,,Y15T64,,H,,2024,,30150350,,A,,0,,0,
DATAFLOW,OECD.ELS.SAE:DSD_POPULATION@DF_POP_HIST(1.0),,I,ARG,,POP,,PS,,_T,,Y20T64,,H,,2024,,26595016,,A,,0,,0,
DATAFLOW,OECD.ELS.SAE:DSD_POPULATION@DF_POP_HIST(1.0),,I,ARG,,POP,,PS,,_T,,Y65T69,,H,,2024,,1771021.5,,A,,0,,0,
DATAFLOW,OECD.ELS.SAE:DSD_POPULATION@DF_POP_HIST(1.0),,I,ARG,,POP,,PS,,_T,,Y70T74,,H,,2024,,1465960,,A,,0,,0,
DATAFLOW,OECD.ELS.SAE:DSD_POPULATION@DF_POP_HIST(1.0),,I,ARG,,POP,,PS,,_T,,Y20T24,,H,,2024,,3465155.5,,A,,0,,0,
DATAFLOW,OECD.ELS.SAE:DSD_POPULATION@DF_POP_HIST(1.0),,I,ARG,,POP,,PS,,_T,,Y_LE4,,H,,2024,,2603389.5,,A,,0,,0,
DATAFLOW,OECD.ELS.SAE:DSD_POPULATION@DF_POP_HIST(1.0),,I,ARG,,POP,,PS,,_T,,Y75T79,,H,,2024,,1105639.5,,A,,0,,0,
DATAFLOW,OECD.ELS.SAE:DSD_POPULATION@DF_POP_HIST(1.0),,I,ARG,,POP,,PS,,_T,,Y80T84,,H,,2024,,713997.5,,A,,0,,0,
DATAFLOW,OECD.ELS.SAE:DSD_POPULATION@DF_POP_HIST(1.0),,I,ARG,,POP,,PS,,_T,,Y5T9,,H,,2024,,3561278,,A,,0,,0,
DATAFLOW,OECD.ELS.SAE:DSD_POPULATION@DF_POP_HIST(1.0),,I,ARG,,POP,,PS,,_T,,Y_LT20,,H,,2024,,13427506,,A,,0,,0,
DATAFLOW,OECD.ELS.SAE:DSD_POPULATION@DF_POP_HIST(1.0),,I,ARG,,POP,,PS,,_T,,Y_GE65,,H,,2024,,5673637,,A,,0,,0,
DATAFLOW,OECD.ELS.SAE:DSD_POPULATION@DF_POP_HIST(1.0),,I,ARG,,POP,,PS,,_T,,Y40T44,,H,,2024,,3170538.5,,A,,0,,0,
DATAFLOW,OECD.ELS.SAE:DSD_POPULATION@DF_POP_HIST(1.0),,I,ARG,,POP,,PS,,_T,,Y60T64,,H,,2024,,2024850,,A,,0,,0,
DATAFLOW,OECD.ELS.SAE:DSD_POPULATION@DF_POP_HIST(1.0),,I,ARG,,POP,,PS,,_T,,Y10T14,,H,,2024,,3707504.5,,A,,0,,0,
DATAFLOW,OECD.ELS.SAE:DSD_POPULATION@DF_POP_HIST(1.0),,I,ARG,,POP,,PS,,_T,,Y35T39,,H,,2024,,3263512,,A,,0,,0,
DATAFLOW,OECD.ELS.SAE:DSD_POPULATION@DF_POP_HIST(1.0),,I,ARG,,POP,,PS,,_T,,_T,,H,,2024,,45696159,,A,,0,,0,
DATAFLOW,OECD.ELS.SAE:DSD_POPULATION@DF_POP_HIST(1.0),,I,ARG,,POP,,PS,,_T,,Y55T59,,H,,2024,,2185490.5,,A,,0,,0,
DATAFLOW,OECD.ELS.SAE:DSD_POPULATION@DF_POP_HIST(1.0),,I,ARG,,POP,,PS,,_T,,Y15T19,,H,,2024,,3555334,,A,,0,,0,
DATAFLOW,OECD.ELS.SAE:DSD_POPULATION@DF_POP_HIST(1.0),,I,ARG,,POP,,PS,,_T,,Y30T34,,H,,2024,,3471730,,A,,0,,0,
DATAFLOW,OECD.ELS.SAE:DSD_POPULATION@DF_POP_HIST(1.0),,I,ARG,,POP,,PS,,_T,,Y25T29,,H,,2024,,3490723,,A,,0,,0,
DATAFLOW,OECD.ELS.SAE:DSD_POPULATION@DF_POP_HIST(1.0),,I,BRA,,POP,,PS,,_T,,Y_GE50,,H,,2024,,60063242,,A,,0,,0,
DATAFLOW,OECD.ELS.SAE:DSD_POPULATION@DF_POP_HIST(1.0),,I,BRA,,POP,,PS,,_T,,Y55T59,,H,,2024,,12055490,,A,,0,,0,
DATAFLOW,OECD.ELS.SAE:DSD_POPULATION@DF_POP_HIST(1.0),,I,BRA,,POP,,PS,,_T,,Y60T64,,H,,2024,,10493988,,A,,0,,0,
DATAFLOW,OECD.ELS.SAE:DSD_POPULATION@DF_POP_HIST(1.0),,I,BRA,,POP,,PS,,_T,,Y15T19,,H,,2024,,14965724,,A,,0,,0,
DATAFLOW,OECD.ELS.SAE:DSD_POPULATION@DF_POP_HIST(1.0),,I,BRA,,POP,,PS,,_T,,Y75T79,,H,,2024,,4370673,,A,,0,,0,
DATAFLOW,OECD.ELS.SAE:DSD_POPULATION@DF_POP_HIST(1.0),,I,BRA,,POP,,PS,,_T,,_T,,H,,2024,,217684462,,A,,0,,0,
DATAFLOW,OECD.ELS.SAE:DSD_POPULATION@DF_POP_HIST(1.0),,I,BRA,,POP,,PS,,_T,,Y65T69,,H,,2024,,8468411,,A,,0,,0,
DATAFLOW,OECD.ELS.SAE:DSD_POPULATION@DF_POP_HIST(1.0),,I,BRA,,POP,,PS,,_T,,Y45T49,,H,,2024,,15017933,,A,,0,,0,
DATAFLOW,OECD.ELS.SAE:DSD_POPULATION@DF_POP_HIST(1.0),,I,BRA,,POP,,PS,,_T,,Y5T9,,H,,2024,,14773628,,A,,0,,0,
DATAFLOW,OECD.ELS.SAE:DSD_POPULATION@DF_POP_HIST(1.0),,I,BRA,,POP,,PS,,_T,,Y40T44,,H,,2024,,16688213,,A,,0,,0,
DATAFLOW,OECD.ELS.SAE:DSD_POPULATION@DF_POP_HIST(1.0),,I,BRA,,POP,,PS,,_T,,Y70T74,,H,,2024,,6351769,,A,,0,,0,
DATAFLOW,OECD.ELS.SAE:DSD_POPULATION@DF_POP_HIST(1.0),,I,BRA,,POP,,PS,,_T,,Y_GE65,,H,,2024,,24385226,,A,,0,,0,
DATAFLOW,OECD.ELS.SAE:DSD_POPULATION@DF_POP_HIST(1.0),,I,BRA,,POP,,PS,,_T,,Y_LT20,,H,,2024,,58717054,,A,,0,,0,
DATAFLOW,OECD.ELS.SAE:DSD_POPULATION@DF_POP_HIST(1.0),,I,BRA,,POP,,PS,,_T,,Y10T14,,H,,2024,,14525347,,A,,0,,0,
DATAFLOW,OECD.ELS.SAE:DSD_POPULATION@DF_POP_HIST(1.0),,I,BRA,,POP,,PS,,_T,,Y80T84,,H,,2024,,2677251,,A,,0,,0,
DATAFLOW,OECD.ELS.SAE:DSD_POPULATION@DF_POP_HIST(1.0),,I,BRA,,POP,,PS,,_T,,Y35T39,,H,,2024,,17115112,,A,,0,,0,
DATAFLOW,OECD.ELS.SAE:DSD_POPULATION@DF_POP_HIST(1.0),,I,BRA,,POP,,PS,,_T,,Y_LE4,,H,,2024,,14452355,,A,,0,,0,
DATAFLOW,OECD.ELS.SAE:DSD_POPULATION@DF_POP_HIST(1.0),,I,BRA,,POP,,PS,,_T,,Y20T24,,H,,2024,,15989803,,A,,0,,0,
DATAFLOW,OECD.ELS.SAE:DSD_POPULATION@DF_POP_HIST(1.0),,I,BRA,,POP,,PS,,_T,,Y_GE85,,H,,2024,,2517122,,A,,0,,0,
DATAFLOW,OECD.ELS.SAE:DSD_POPULATION@DF_POP_HIST(1.0),,I,BRA,,POP,,PS,,_T,,Y25T29,,H,,2024,,17206153,,A,,0,,0,
DATAFLOW,OECD.ELS.SAE:DSD_POPULATION@DF_POP_HIST(1.0),,I,BRA,,POP,,PS,,_T,,Y20T64,,H,,2024,,134582182,,A,,0,,0,
DATAFLOW,OECD.ELS.SAE:DSD_POPULATION@DF_POP_HIST(1.0),,I,BRA,,POP,,PS,,_T,,Y15T64,,H,,2024,,149547906,,A,,0,,0,
DATAFLOW,OECD.ELS.SAE:DSD_POPULATION@DF_POP_HIST(1.0),,I,BRA,,POP,,PS,,_T,,Y30T34,,H,,2024,,16886952,,A,,0,,0,
DATAFLOW,OECD.ELS.SAE:DSD_POPULATION@DF_POP_HIST(1.0),,I,BGR,,POP,,PS,,_T,,Y45T49,,H,,2024,,501896.5,,A,,0,,0,
DATAFLOW,OECD.ELS.SAE:DSD_POPULATION@DF_POP_HIST(1.0),,I,BGR,,POP,,PS,,_T,,Y75T79,,H,,2024,,331786,,A,,0,,0,
DATAFLOW,OECD.ELS.SAE:DSD_POPULATION@DF_POP_HIST(1.0),,I,BGR,,POP,,PS,,_T,,Y5T9,,H,,2024,,304471,,A,,0,,0,
DATAFLOW,OECD.ELS.SAE:DSD_POPULATION@DF_POP_HIST(1.0),,I,BGR,,POP,,PS,,_T,,Y25T29,,H,,2024,,270678,,A,,0,,0,
DATAFLOW,OECD.ELS.SAE:DSD_POPULATION@DF_POP_HIST(1.0),,I,BGR,,POP,,PS,,_T,,Y_GE50,,H,,2024,,2931184.5,,A,,0,,0,
DATAFLOW,OECD.ELS.SAE:DSD_POPULATION@DF_POP_HIST(1.0),,I,BGR,,POP,,PS,,_T,,Y_GE65,,H,,2024,,1537577,,A,,0,,0,
DATAFLOW,OECD.ELS.SAE:DSD_POPULATION@DF_POP_HIST(1.0),,I,BGR,,POP,,PS,,_T,,Y15T19,,H,,2024,,319337,,A,,0,,0,
DATAFLOW,OECD.ELS.SAE:DSD_POPULATION@DF_POP_HIST(1.0),,I,BGR,,POP,,PS,,_T,,Y40T44,,H,,2024,,448628.5,,A,,0,,0,
DATAFLOW,OECD.ELS.SAE:DSD_POPULATION@DF_POP_HIST(1.0),,I,BGR,,POP,,PS,,_T,,Y60T64,,H,,2024,,453620.5,,A,,0,,0,
DATAFLOW,OECD.ELS.SAE:DSD_POPULATION@DF_POP_HIST(1.0),,I,BGR,,POP,,PS,,_T,,Y15T64,,H,,2024,,3997409.5,,A,,0,,0,
DATAFLOW,OECD.ELS.SAE:DSD_POPULATION@DF_POP_HIST(1.0),,I,BGR,,POP,,PS,,_T,,Y_GE85,,H,,2024,,144410.5,,A,,0,,0,
DATAFLOW,OECD.ELS.SAE:DSD_POPULATION@DF_POP_HIST(1.0),,I,BGR,,POP,,PS,,_T,,Y70T74,,H,,2024,,417627,,A,,0,,0,
DATAFLOW,OECD.ELS.SAE:DSD_POPULATION@DF_POP_HIST(1.0),,I,BGR,,POP,,PS,,_T,,Y50T54,,H,,2024,,489557,,A,,0,,0,
DATAFLOW,OECD.ELS.SAE:DSD_POPULATION@DF_POP_HIST(1.0),,I,BGR,,POP,,PS,,_T,,Y20T64,,H,,2024,,3678072.5,,A,,0,,0,
DATAFLOW,OECD.ELS.SAE:DSD_POPULATION@DF_POP_HIST(1.0),,I,BGR,,POP,,PS,,_T,,Y10T14,,H,,2024,,315944.5,,A,,0,,0,
DATAFLOW,OECD.ELS.SAE:DSD_POPULATION@DF_POP_HIST(1.0),,I,BGR,,POP,,PS,,_T,,Y20T24,,H,,2024,,281861.5,,A,,0,,0,
DATAFLOW,OECD.ELS.SAE:DSD_POPULATION@DF_POP_HIST(1.0),,I,BGR,,POP,,PS,,_T,,_T,,H,,2024,,6441420.5,,A,,0,,0,
DATAFLOW,OECD.ELS.SAE:DSD_POPULATION@DF_POP_HIST(1.0),,I,BGR,,POP,,PS,,_T,,Y35T39,,H,,2024,,428088.5,,A,,0,,0,
DATAFLOW,OECD.ELS.SAE:DSD_POPULATION@DF_POP_HIST(1.0),,I,BGR,,POP,,PS,,_T,,Y80T84,,H,,2024,,195899,,A,,0,,0,
DATAFLOW,OECD.ELS.SAE:DSD_POPULATION@DF_POP_HIST(1.0),,I,BGR,,POP,,PS,,_T,,Y65T69,,H,,2024,,447854.5,,A,,0,,0,
DATAFLOW,OECD.ELS.SAE:DSD_POPULATION@DF_POP_HIST(1.0),,I,BGR,,POP,,PS,,_T,,Y_LT20,,H,,2024,,1225771,,A,,0,,0,
DATAFLOW,OECD.ELS.SAE:DSD_POPULATION@DF_POP_HIST(1.0),,I,BGR,,POP,,PS,,_T,,Y55T59,,H,,2024,,450430,,A,,0,,0,
DATAFLOW,OECD.ELS.SAE:DSD_POPULATION@DF_POP_HIST(1.0),,I,BGR,,POP,,PS,,_T,,Y_LE4,,H,,2024,,286018.5,,A,,0,,0,
DATAFLOW,OECD.ELS.SAE:DSD_POPULATION@DF_POP_HIST(1.0),,I,CHN,,POP,,PS,,_T,,Y_GE65,,H,,2024,,208147281,,A,,0,,0,
DATAFLOW,OECD.ELS.SAE:DSD_POPULATION@DF_POP_HIST(1.0),,I,CHN,,POP,,PS,,_T,,Y30T34,,H,,2024,,106100624,,A,,0,,0,
DATAFLOW,OECD.ELS.SAE:DSD_POPULATION@DF_POP_HIST(1.0),,I,CHN,,POP,,PS,,_T,,Y65T69,,H,,2024,,74194893,,A,,0,,0,
DATAFLOW,OECD.ELS.SAE:DSD_POPULATION@DF_POP_HIST(1.0),,I,CHN,,POP,,PS,,_T,,Y_LE4,,H,,2024,,51957550,,A,,0,,0,
DATAFLOW,OECD.ELS.SAE:DSD_POPULATION@DF_POP_HIST(1.0),,I,CHN,,POP,,PS,,_T,,Y40T44,,H,,2024,,100324440,,A,,0,,0,
DATAFLOW,OECD.ELS.SAE:DSD_POPULATION@DF_POP_HIST(1.0),,I,CHN,,POP,,PS,,_T,,Y80T84,,H,,2024,,20655143,,A,,0,,0,
DATAFLOW,OECD.ELS.SAE:DSD_POPULATION@DF_POP_HIST(1.0),,I,CHN,,POP,,PS,,_T,,Y50T54,,H,,2024,,119866422,,A,,0,,0,
DATAFLOW,OECD.ELS.SAE:DSD_POPULATION@DF_POP_HIST(1.0),,I,CHN,,POP,,PS,,_T,,Y10T14,,H,,2024,,90089722,,A,,0,,0,
DATAFLOW,OECD.ELS.SAE:DSD_POPULATION@DF_POP_HIST(1.0),,I,CHN,,POP,,PS,,_T,,Y20T64,,H,,2024,,900849659,,A,,0,,0,
DATAFLOW,OECD.ELS.SAE:DSD_POPULATION@DF_POP_HIST(1.0),,I,CHN,,POP,,PS,,_T,,Y_LT20,,H,,2024,,310324338,,A,,0,,0,
DATAFLOW,OECD.ELS.SAE:DSD_POPULATION@DF_POP_HIST(1.0),,I,CHN,,POP,,PS,,_T,,Y15T64,,H,,2024,,983971710,,A,,0,,0,
DATAFLOW,OECD.ELS.SAE:DSD_POPULATION@DF_POP_HIST(1.0),,I,CHN,,POP,,PS,,_T,,_T,,H,,2024,,1419320000,,A,,0,,0,
DATAFLOW,OECD.ELS.SAE:DSD_POPULATION@DF_POP_HIST(1.0),,I,CHN,,POP,,PS,,_T,,Y75T79,,H,,2024,,36029340,,A,,0,,0,
DATAFLOW,OECD.ELS.SAE:DSD_POPULATION@DF_POP_HIST(1.0),,I,CHN,,POP,,PS,,_T,,Y15T19,,H,,2024,,83122051,,A,,0,,0,
DATAFLOW,OECD.ELS.SAE:DSD_POPULATION@DF_POP_HIST(1.0),,I,CHN,,POP,,PS,,_T,,Y5T9,,H,,2024,,85155015,,A,,0,,0,
DATAFLOW,OECD.ELS.SAE:DSD_POPULATION@DF_POP_HIST(1.0),,I,CHN,,POP,,PS,,_T,,Y_GE50,,H,,2024,,526805361,,A,,0,,0,
DATAFLOW,OECD.ELS.SAE:DSD_POPULATION@DF_POP_HIST(1.0),,I,CHN,,POP,,PS,,_T,,Y_GE85,,H,,2024,,15080022,,A,,0,,0,
DATAFLOW,OECD.ELS.SAE:DSD_POPULATION@DF_POP_HIST(1.0),,I,CHN,,POP,,PS,,_T,,Y35T39,,H,,2024,,117534784,,A,,0,,0,
DATAFLOW,OECD.ELS.SAE:DSD_POPULATION@DF_POP_HIST(1.0),,I,CHN,,POP,,PS,,_T,,Y45T49,,H,,2024,,94342885,,A,,0,,0,
DATAFLOW,OECD.ELS.SAE:DSD_POPULATION@DF_POP_HIST(1.0),,I,CHN,,POP,,PS,,_T,,Y60T64,,H,,2024,,84042032,,A,,0,,0,
DATAFLOW,OECD.ELS.SAE:DSD_POPULATION@DF_POP_HIST(1.0),,I,CHN,,POP,,PS,,_T,,Y55T59,,H,,2024,,114749627,,A,,0,,0,
DATAFLOW,OECD.ELS.SAE:DSD_POPULATION@DF_POP_HIST(1.0),,I,CHN,,POP,,PS,,_T,,Y20T24,,H,,2024,,79419262,,A,,0,,0,
DATAFLOW,OECD.ELS.SAE:DSD_POPULATION@DF_POP_HIST(1.0),,I,CHN,,POP,,PS,,_T,,Y25T29,,H,,2024,,84469586,,A,,0,,0,
DATAFLOW,OECD.ELS.SAE:DSD_POPULATION@DF_POP_HIST(1.0),,I,HRV,,POP,,PS,,_T,,Y55T59,,H,,2024,,268600,,A,,0,,0,
DATAFLOW,OECD.ELS.SAE:DSD_POPULATION@DF_POP_HIST(1.0),,I,HRV,,POP,,PS,,_T,,Y80T84,,H,,2024,,116451,,A,,0,,0,
DATAFLOW,OECD.ELS.SAE:DSD_POPULATION@DF_POP_HIST(1.0),,I,HRV,,POP,,PS,,_T,,Y70T74,,H,,2024,,240400,,A,,0,,0,
DATAFLOW,OECD.ELS.SAE:DSD_POPULATION@DF_POP_HIST(1.0),,I,HRV,,POP,,PS,,_T,,Y5T9,,H,,2024,,175700,,A,,0,,0,
DATAFLOW,OECD.ELS.SAE:DSD_POPULATION@DF_POP_HIST(1.0),,I,HRV,,POP,,PS,,_T,,Y60T64,,H,,2024,,275700,,A,,0,,0,
DATAFLOW,OECD.ELS.SAE:DSD_POPULATION@DF_POP_HIST(1.0),,I,HRV,,POP,,PS,,_T,,Y_GE65,,H,,2024,,897000,,A,,0,,0,
DATAFLOW,OECD.ELS.SAE:DSD_POPULATION@DF_POP_HIST(1.0),,I,HRV,,POP,,PS,,_T,,Y10T14,,H,,2024,,191000,,A,,0,,0,
DATAFLOW,OECD.ELS.SAE:DSD_POPULATION@DF_POP_HIST(1.0),,I,HRV,,POP,,PS,,_T,,Y45T49,,H,,2024,,265300,,A,,0,,0,
DATAFLOW,OECD.ELS.SAE:DSD_POPULATION@DF_POP_HIST(1.0),,I,HRV,,POP,,PS,,_T,,Y50T54,,H,,2024,,253800,,A,,0,,0,
DATAFLOW,OECD.ELS.SAE:DSD_POPULATION@DF_POP_HIST(1.0),,I,HRV,,POP,,PS,,_T,,Y30T34,,H,,2024,,226300,,A,,0,,0,
DATAFLOW,OECD.ELS.SAE:DSD_POPULATION@DF_POP_HIST(1.0),,I,HRV,,POP,,PS,,_T,,_T,,H,,2024,,3866300,,A,,0,,0,
DATAFLOW,OECD.ELS.SAE:DSD_POPULATION@DF_POP_HIST(1.0),,I,HRV,,POP,,PS,,_T,,Y20T24,,H,,2024,,199500,,A,,0,,0,
DATAFLOW,OECD.ELS.SAE:DSD_POPULATION@DF_POP_HIST(1.0),,I,HRV,,POP,,PS,,_T,,Y65T69,,H,,2024,,278500,,A,,0,,0,
DATAFLOW,OECD.ELS.SAE:DSD_POPULATION@DF_POP_HIST(1.0),,I,HRV,,POP,,PS,,_T,,Y_LT20,,H,,2024,,732300,,A,,0,,0,
DATAFLOW,OECD.ELS.SAE:DSD_POPULATION@DF_POP_HIST(1.0),,I,HRV,,POP,,PS,,_T,,Y35T39,,H,,2024,,249300,,A,,0,,0,
DATAFLOW,OECD.ELS.SAE:DSD_POPULATION@DF_POP_HIST(1.0),,I,HRV,,POP,,PS,,_T,,Y_LE4,,H,,2024,,171000,,A,,0,,0,
DATAFLOW,OECD.ELS.SAE:DSD_POPULATION@DF_POP_HIST(1.0),,I,HRV,,POP,,PS,,_T,,Y20T64,,H,,2024,,2237000,,A,,0,,0,
DATAFLOW,OECD.ELS.SAE:DSD_POPULATION@DF_POP_HIST(1.0),,I,HRV,,POP,,PS,,_T,,Y25T29,,H,,2024,,228500,,A,,0,,0,
DATAFLOW,OECD.ELS.SAE:DSD_POPULATION@DF_POP_HIST(1.0),,I,HRV,,POP,,PS,,_T,,Y15T19,,H,,2024,,194600,,A,,0,,0,
DATAFLOW,OECD.ELS.SAE:DSD_POPULATION@DF_POP_HIST(1.0),,I,HRV,,POP,,PS,,_T,,Y40T44,,H,,2024,,270000,,A,,0,,0,
DATAFLOW,OECD.ELS.SAE:DSD_POPULATION@DF_POP_HIST(1.0),,I,HRV,,POP,,PS,,_T,,Y_GE50,,H,,2024,,1695100,,A,,0,,0,
DATAFLOW,OECD.ELS.SAE:DSD_POPULATION@DF_POP_HIST(1.0),,I,HRV,,POP,,PS,,_T,,Y75T79,,H,,2024,,166466,,A,,0,,0,
DATAFLOW,OECD.ELS.SAE:DSD_POPULATION@DF_POP_HIST(1.0),,I,HRV,,POP,,PS,,_T,,Y_GE85,,H,,2024,,95183,,A,,0,,0,
DATAFLOW,OECD.ELS.SAE:DSD_POPULATION@DF_POP_HIST(1.0),,I,CYP,,POP,,PS,,_T,,Y55T59,,H,,2024,,59220,,A,,0,,0,
DATAFLOW,OECD.ELS.SAE:DSD_POPULATION@DF_POP_HIST(1.0),,I,CYP,,POP,,PS,,_T,,Y_LT20,,H,,2024,,194737,,A,,0,,0,
DATAFLOW,OECD.ELS.SAE:DSD_POPULATION@DF_POP_HIST(1.0),,I,CYP,,POP,,PS,,_T,,Y65T69,,H,,2024,,51641,,A,,0,,0,
DATAFLOW,OECD.ELS.SAE:DSD_POPULATION@DF_POP_HIST(1.0),,I,CYP,,POP,,PS,,_T,,Y30T34,,H,,2024,,78524,,A,,0,,0,
DATAFLOW,OECD.ELS.SAE:DSD_POPULATION@DF_POP_HIST(1.0),,I,CYP,,POP,,PS,,_T,,Y_LE4,,H,,2024,,51394,,A,,0,,0,
DATAFLOW,OECD.ELS.SAE:DSD_POPULATION@DF_POP_HIST(1.0),,I,CYP,,POP,,PS,,_T,,Y_GE85,,H,,2024,,18385,,A,,0,,0,
DATAFLOW,OECD.ELS.SAE:DSD_POPULATION@DF_POP_HIST(1.0),,I,CYP,,POP,,PS,,_T,,Y50T54,,H,,2024,,62552,,A,,0,,0,
DATAFLOW,OECD.ELS.SAE:DSD_POPULATION@DF_POP_HIST(1.0),,I,CYP,,POP,,PS,,_T,,Y20T64,,H,,2024,,604945,,A,,0,,0,
DATAFLOW,OECD.ELS.SAE:DSD_POPULATION@DF_POP_HIST(1.0),,I,CYP,,POP,,PS,,_T,,Y25T29,,H,,2024,,67315,,A,,0,,0,
DATAFLOW,OECD.ELS.SAE:DSD_POPULATION@DF_POP_HIST(1.0),,I,CYP,,POP,,PS,,_T,,_T,,H,,2024,,974930,,A,,0,,0,
DATAFLOW,OECD.ELS.SAE:DSD_POPULATION@DF_POP_HIST(1.0),,I,CYP,,POP,,PS,,_T,,Y60T64,,H,,2024,,58876,,A,,0,,0,
DATAFLOW,OECD.ELS.SAE:DSD_POPULATION@DF_POP_HIST(1.0),,I,CYP,,POP,,PS,,_T,,Y15T64,,H,,2024,,651972,,A,,0,,0,
DATAFLOW,OECD.ELS.SAE:DSD_POPULATION@DF_POP_HIST(1.0),,I,CYP,,POP,,PS,,_T,,Y80T84,,H,,2024,,23731,,A,,0,,0,
DATAFLOW,OECD.ELS.SAE:DSD_POPULATION@DF_POP_HIST(1.0),,I,CYP,,POP,,PS,,_T,,Y40T44,,H,,2024,,78580,,A,,0,,0,
DATAFLOW,OECD.ELS.SAE:DSD_POPULATION@DF_POP_HIST(1.0),,I,CYP,,POP,,PS,,_T,,Y75T79,,H,,2024,,36980,,A,,0,,0,
DATAFLOW,OECD.ELS.SAE:DSD_POPULATION@DF_POP_HIST(1.0),,I,CYP,,POP,,PS,,_T,,Y35T39,,H,,2024,,81691,,A,,0,,0,
DATAFLOW,OECD.ELS.SAE:DSD_POPULATION@DF_POP_HIST(1.0),,I,CYP,,POP,,PS,,_T,,Y_GE50,,H,,2024,,355896,,A,,0,,0,
DATAFLOW,OECD.ELS.SAE:DSD_POPULATION@DF_POP_HIST(1.0),,I,CYP,,POP,,PS,,_T,,Y70T74,,H,,2024,,44511,,A,,0,,0,
DATAFLOW,OECD.ELS.SAE:DSD_POPULATION@DF_POP_HIST(1.0),,I,CYP,,POP,,PS,,_T,,Y5T9,,H,,2024,,47282,,A,,0,,0,
DATAFLOW,OECD.ELS.SAE:DSD_POPULATION@DF_POP_HIST(1.0),,I,CYP,,POP,,PS,,_T,,Y10T14,,H,,2024,,49034,,A,,0,,0,
DATAFLOW,OECD.ELS.SAE:DSD_POPULATION@DF_POP_HIST(1.0),,I,CYP,,POP,,PS,,_T,,Y15T19,,H,,2024,,47027,,A,,0,,0,
DATAFLOW,OECD.ELS.SAE:DSD_POPULATION@DF_POP_HIST(1.0),,I,CYP,,POP,,PS,,_T,,Y45T49,,H,,2024,,65694,,A,,0,,0,
DATAFLOW,OECD.ELS.SAE:DSD_POPULATION@DF_POP_HIST(1.0),,I,CYP,,POP,,PS,,_T,,Y20T24,,H,,2024,,52493,,A,,0,,0,
DATAFLOW,OECD.ELS.SAE:DSD_POPULATION@DF_POP_HIST(1.0),,I,IND,,POP,,PS,,_T,,Y_LT20,,H,,2024,,484653551,,A,,0,,0,
DATAFLOW,OECD.ELS.SAE:DSD_POPULATION@DF_POP_HIST(1.0),,I,IND,,POP,,PS,,_T,,Y_GE65,,H,,2024,,103691375,,A,,0,,0,
DATAFLOW,OECD.ELS.SAE:DSD_POPULATION@DF_POP_HIST(1.0),,I,IND,,POP,,PS,,_T,,Y75T79,,H,,2024,,16810694,,A,,0,,0,
DATAFLOW,OECD.ELS.SAE:DSD_POPULATION@DF_POP_HIST(1.0),,I,IND,,POP,,PS,,_T,,Y80T84,,H,,2024,,9262642.5,,A,,0,,0,
DATAFLOW,OECD.ELS.SAE:DSD_POPULATION@DF_POP_HIST(1.0),,I,IND,,POP,,PS,,_T,,Y15T64,,H,,2024,,989967399,,A,,0,,0,
DATAFLOW,OECD.ELS.SAE:DSD_POPULATION@DF_POP_HIST(1.0),,I,IND,,POP,,PS,,_T,,Y15T19,,H,,2024,,127376533,,A,,0,,0,
DATAFLOW,OECD.ELS.SAE:DSD_POPULATION@DF_POP_HIST(1.0),,I,IND,,POP,,PS,,_T,,Y_LE4,,H,,2024,,113658131,,A,,0,,0,
DATAFLOW,OECD.ELS.SAE:DSD_POPULATION@DF_POP_HIST(1.0),,I,IND,,POP,,PS,,_T,,Y10T14,,H,,2024,,124737606,,A,,0,,0,
DATAFLOW,OECD.ELS.SAE:DSD_POPULATION@DF_POP_HIST(1.0),,I,IND,,POP,,PS,,_T,,Y35T39,,H,,2024,,111645607,,A,,0,,0,
DATAFLOW,OECD.ELS.SAE:DSD_POPULATION@DF_POP_HIST(1.0),,I,IND,,POP,,PS,,_T,,Y_GE50,,H,,2024,,295449602,,A,,0,,0,
DATAFLOW,OECD.ELS.SAE:DSD_POPULATION@DF_POP_HIST(1.0),,I,IND,,POP,,PS,,_T,,_T,,H,,2024,,1450940000,,A,,0,,0,
DATAFLOW,OECD.ELS.SAE:DSD_POPULATION@DF_POP_HIST(1.0),,I,IND,,POP,,PS,,_T,,Y20T24,,H,,2024,,129990294,,A,,0,,0,
DATAFLOW,OECD.ELS.SAE:DSD_POPULATION@DF_POP_HIST(1.0),,I,IND,,POP,,PS,,_T,,Y70T74,,H,,2024,,29514740,,A,,0,,0,
DATAFLOW,OECD.ELS.SAE:DSD_POPULATION@DF_POP_HIST(1.0),,I,IND,,POP,,PS,,_T,,Y20T64,,H,,2024,,862590866,,A,,0,,0,
DATAFLOW,OECD.ELS.SAE:DSD_POPULATION@DF_POP_HIST(1.0),,I,IND,,POP,,PS,,_T,,Y40T44,,H,,2024,,99634697,,A,,0,,0,
DATAFLOW,OECD.ELS.SAE:DSD_POPULATION@DF_POP_HIST(1.0),,I,IND,,POP,,PS,,_T,,Y45T49,,H,,2024,,86364720,,A,,0,,0,
DATAFLOW,OECD.ELS.SAE:DSD_POPULATION@DF_POP_HIST(1.0),,I,IND,,POP,,PS,,_T,,Y30T34,,H,,2024,,118727273,,A,,0,,0,
DATAFLOW,OECD.ELS.SAE:DSD_POPULATION@DF_POP_HIST(1.0),,I,IND,,POP,,PS,,_T,,Y_GE85,,H,,2024,,6282335.5,,A,,0,,0,
DATAFLOW,OECD.ELS.SAE:DSD_POPULATION@DF_POP_HIST(1.0),,I,IND,,POP,,PS,,_T,,Y60T64,,H,,2024,,52975746,,A,,0,,0,
DATAFLOW,OECD.ELS.SAE:DSD_POPULATION@DF_POP_HIST(1.0),,I,IND,,POP,,PS,,_T,,Y5T9,,H,,2024,,118881281,,A,,0,,0,
DATAFLOW,OECD.ELS.SAE:DSD_POPULATION@DF_POP_HIST(1.0),,I,IND,,POP,,PS,,_T,,Y55T59,,H,,2024,,63665999,,A,,0,,0,
DATAFLOW,OECD.ELS.SAE:DSD_POPULATION@DF_POP_HIST(1.0),,I,IND,,POP,,PS,,_T,,Y50T54,,H,,2024,,75116483,,A,,0,,0,
DATAFLOW,OECD.ELS.SAE:DSD_POPULATION@DF_POP_HIST(1.0),,I,IND,,POP,,PS,,_T,,Y65T69,,H,,2024,,41820964,,A,,0,,0,
DATAFLOW,OECD.ELS.SAE:DSD_POPULATION@DF_POP_HIST(1.0),,I,IDN,,POP,,PS,,_T,,Y30T34,,H,,2024,,22139100,,A,,0,,0,
DATAFLOW,OECD.ELS.SAE:DSD_POPULATION@DF_POP_HIST(1.0),,I,IDN,,POP,,PS,,_T,,Y_LT20,,H,,2024,,88776000,,A,,0,,0,
DATAFLOW,OECD.ELS.SAE:DSD_POPULATION@DF_POP_HIST(1.0),,I,IDN,,POP,,PS,,_T,,Y_GE65,,H,,2024,,20493560,,A,,0,,0,
DATAFLOW,OECD.ELS.SAE:DSD_POPULATION@DF_POP_HIST(1.0),,I,IDN,,POP,,PS,,_T,,Y25T29,,H,,2024,,22525640,,A,,0,,0,
DATAFLOW,OECD.ELS.SAE:DSD_POPULATION@DF_POP_HIST(1.0),,I,IDN,,POP,,PS,,_T,,Y5T9,,H,,2024,,21984610,,A,,0,,0,
DATAFLOW,OECD.ELS.SAE:DSD_POPULATION@DF_POP_HIST(1.0),,I,IDN,,POP,,PS,,_T,,Y55T59,,H,,2024,,14770830,,A,,0,,0,
DATAFLOW,OECD.ELS.SAE:DSD_POPULATION@DF_POP_HIST(1.0),,I,IDN,,POP,,PS,,_T,,Y70T74,,H,,2024,,5987900,,A,,0,,0,
DATAFLOW,OECD.ELS.SAE:DSD_POPULATION@DF_POP_HIST(1.0),,I,IDN,,POP,,PS,,_T,,Y60T64,,H,,2024,,11930700,,A,,0,,0,
DATAFLOW,OECD.ELS.SAE:DSD_POPULATION@DF_POP_HIST(1.0),,I,IDN,,POP,,PS,,_T,,Y20T24,,H,,2024,,22250010,,A,,0,,0,
DATAFLOW,OECD.ELS.SAE:DSD_POPULATION@DF_POP_HIST(1.0),,I,IDN,,POP,,PS,,_T,,Y_GE50,,H,,2024,,64430170,,A,,0,,0,
DATAFLOW,OECD.ELS.SAE:DSD_POPULATION@DF_POP_HIST(1.0),,I,IDN,,POP,,PS,,_T,,_T,,H,,2024,,281603800,,A,,0,,0,
DATAFLOW,OECD.ELS.SAE:DSD_POPULATION@DF_POP_HIST(1.0),,I,IDN,,POP,,PS,,_T,,Y35T39,,H,,2024,,21576510,,A,,0,,0,
DATAFLOW,OECD.ELS.SAE:DSD_POPULATION@DF_POP_HIST(1.0),,I,IDN,,POP,,PS,,_T,,Y15T64,,H,,2024,,194450580,,A,,0,,0,
DATAFLOW,OECD.ELS.SAE:DSD_POPULATION@DF_POP_HIST(1.0),,I,IDN,,POP,,PS,,_T,,Y10T14,,H,,2024,,22036960,,A,,0,,0,
DATAFLOW,OECD.ELS.SAE:DSD_POPULATION@DF_POP_HIST(1.0),,I,IDN,,POP,,PS,,_T,,Y80T84,,H,,2024,,1560229,,A,,0,,0,
DATAFLOW,OECD.ELS.SAE:DSD_POPULATION@DF_POP_HIST(1.0),,I,IDN,,POP,,PS,,_T,,Y40T44,,H,,2024,,20536240,,A,,0,,0,
DATAFLOW,OECD.ELS.SAE:DSD_POPULATION@DF_POP_HIST(1.0),,I,IDN,,POP,,PS,,_T,,Y15T19,,H,,2024,,22116350,,A,,0,,0,
DATAFLOW,OECD.ELS.SAE:DSD_POPULATION@DF_POP_HIST(1.0),,I,IDN,,POP,,PS,,_T,,Y65T69,,H,,2024,,8889070,,A,,0,,0,
DATAFLOW,OECD.ELS.SAE:DSD_POPULATION@DF_POP_HIST(1.0),,I,IDN,,POP,,PS,,_T,,Y20T64,,H,,2024,,172334230,,A,,0,,0,
DATAFLOW,OECD.ELS.SAE:DSD_POPULATION@DF_POP_HIST(1.0),,I,IDN,,POP,,PS,,_T,,Y_LE4,,H,,2024,,22638080,,A,,0,,0,
DATAFLOW,OECD.ELS.SAE:DSD_POPULATION@DF_POP_HIST(1.0),,I,IDN,,POP,,PS,,_T,,Y_GE85,,H,,2024,,815091,,A,,0,,0,
DATAFLOW,OECD.ELS.SAE:DSD_POPULATION@DF_POP_HIST(1.0),,I,IDN,,POP,,PS,,_T,,Y45T49,,H,,2024,,19370120,,A,,0,,0,
DATAFLOW,OECD.ELS.SAE:DSD_POPULATION@DF_POP_HIST(1.0),,I,IDN,,POP,,PS,,_T,,Y50T54,,H,,2024,,17235080,,A,,0,,0,
DATAFLOW,OECD.ELS.SAE:DSD_POPULATION@DF_POP_HIST(1.0),,I,MLT,,POP,,PS,,_T,,Y_GE50,,H,,2024,,196974,,A,,0,,0,
DATAFLOW,OECD.ELS.SAE:DSD_POPULATION@DF_POP_HIST(1.0),,I,MLT,,POP,,PS,,_T,,Y25T29,,H,,2024,,52827,,A,,0,,0,
DATAFLOW,OECD.ELS.SAE:DSD_POPULATION@DF_POP_HIST(1.0),,I,MLT,,POP,,PS,,_T,,Y50T54,,H,,2024,,33067,,A,,0,,0,
DATAFLOW,OECD.ELS.SAE:DSD_POPULATION@DF_POP_HIST(1.0),,I,MLT,,POP,,PS,,_T,,Y70T74,,H,,2024,,26646,,A,,0,,0,
DATAFLOW,OECD.ELS.SAE:DSD_POPULATION@DF_POP_HIST(1.0),,I,MLT,,POP,,PS,,_T,,Y35T39,,H,,2024,,54158,,A,,0,,0,
DATAFLOW,OECD.ELS.SAE:DSD_POPULATION@DF_POP_HIST(1.0),,I,MLT,,POP,,PS,,_T,,Y5T9,,H,,2024,,23799,,A,,0,,0,
DATAFLOW,OECD.ELS.SAE:DSD_POPULATION@DF_POP_HIST(1.0),,I,MLT,,POP,,PS,,_T,,Y55T59,,H,,2024,,28678,,A,,0,,0,
DATAFLOW,OECD.ELS.SAE:DSD_POPULATION@DF_POP_HIST(1.0),,I,MLT,,POP,,PS,,_T,,Y10T14,,H,,2024,,23406,,A,,0,,0,
DATAFLOW,OECD.ELS.SAE:DSD_POPULATION@DF_POP_HIST(1.0),,I,MLT,,POP,,PS,,_T,,Y_LT20,,H,,2024,,92658,,A,,0,,0,
DATAFLOW,OECD.ELS.SAE:DSD_POPULATION@DF_POP_HIST(1.0),,I,MLT,,POP,,PS,,_T,,Y45T49,,H,,2024,,40336,,A,,0,,0,
DATAFLOW,OECD.ELS.SAE:DSD_POPULATION@DF_POP_HIST(1.0),,I,MLT,,POP,,PS,,_T,,_T,,H,,2024,,574875,,A,,0,,0,
DATAFLOW,OECD.ELS.SAE:DSD_POPULATION@DF_POP_HIST(1.0),,I,MLT,,POP,,PS,,_T,,Y60T64,,H,,2024,,30573,,A,,0,,0,
DATAFLOW,OECD.ELS.SAE:DSD_POPULATION@DF_POP_HIST(1.0),,I,MLT,,POP,,PS,,_T,,Y15T64,,H,,2024,,400378,,A,,0,,0,
DATAFLOW,OECD.ELS.SAE:DSD_POPULATION@DF_POP_HIST(1.0),,I,MLT,,POP,,PS,,_T,,Y20T64,,H,,2024,,377561,,A,,0,,0,
DATAFLOW,OECD.ELS.SAE:DSD_POPULATION@DF_POP_HIST(1.0),,I,MLT,,POP,,PS,,_T,,Y20T24,,H,,2024,,32220,,A,,0,,0,
DATAFLOW,OECD.ELS.SAE:DSD_POPULATION@DF_POP_HIST(1.0),,I,MLT,,POP,,PS,,_T,,Y65T69,,H,,2024,,29710,,A,,0,,0,
DATAFLOW,OECD.ELS.SAE:DSD_POPULATION@DF_POP_HIST(1.0),,I,MLT,,POP,,PS,,_T,,Y40T44,,H,,2024,,46896,,A,,0,,0,
DATAFLOW,OECD.ELS.SAE:DSD_POPULATION@DF_POP_HIST(1.0),,I,MLT,,POP,,PS,,_T,,Y_GE65,,H,,2024,,104656,,A,,0,,0,
DATAFLOW,OECD.ELS.SAE:DSD_POPULATION@DF_POP_HIST(1.0),,I,MLT,,POP,,PS,,_T,,Y_LE4,,H,,2024,,22636,,A,,0,,0,
DATAFLOW,OECD.ELS.SAE:DSD_POPULATION@DF_POP_HIST(1.0),,I,MLT,,POP,,PS,,_T,,Y_GE85,,H,,2024,,11308,,A,,0,,0,
DATAFLOW,OECD.ELS.SAE:DSD_POPULATION@DF_POP_HIST(1.0),,I,MLT,,POP,,PS,,_T,,Y75T79,,H,,2024,,24873,,A,,0,,0,
DATAFLOW,OECD.ELS.SAE:DSD_POPULATION@DF_POP_HIST(1.0),,I,MLT,,POP,,PS,,_T,,Y30T34,,H,,2024,,58806,,A,,0,,0,
DATAFLOW,OECD.ELS.SAE:DSD_POPULATION@DF_POP_HIST(1.0),,I,MLT,,POP,,PS,,_T,,Y80T84,,H,,2024,,12119,,A,,0,,0,
DATAFLOW,OECD.ELS.SAE:DSD_POPULATION@DF_POP_HIST(1.0),,I,ROU,,POP,,PS,,_T,,Y_GE50,,H,,2024,,7720722,,A,,0,,0,
DATAFLOW,OECD.ELS.SAE:DSD_POPULATION@DF_POP_HIST(1.0),,I,ROU,,POP,,PS,,_T,,Y30T34,,H,,2024,,1092399,,A,,0,,0,
DATAFLOW,OECD.ELS.SAE:DSD_POPULATION@DF_POP_HIST(1.0),,I,ROU,,POP,,PS,,_T,,Y10T14,,H,,2024,,1060201,,A,,0,,0,
DATAFLOW,OECD.ELS.SAE:DSD_POPULATION@DF_POP_HIST(1.0),,I,ROU,,POP,,PS,,_T,,Y_LT20,,H,,2024,,4115643,,A,,0,,0,
DATAFLOW,OECD.ELS.SAE:DSD_POPULATION@DF_POP_HIST(1.0),,I,ROU,,POP,,PS,,_T,,Y_LE4,,H,,2024,,903323,,A,,0,,0,
DATAFLOW,OECD.ELS.SAE:DSD_POPULATION@DF_POP_HIST(1.0),,I,ROU,,POP,,PS,,_T,,Y_GE85,,H,,2024,,398491,,A,,0,,0,
DATAFLOW,OECD.ELS.SAE:DSD_POPULATION@DF_POP_HIST(1.0),,I,ROU,,POP,,PS,,_T,,Y45T49,,H,,2024,,1504709,,A,,0,,0,
DATAFLOW,OECD.ELS.SAE:DSD_POPULATION@DF_POP_HIST(1.0),,I,ROU,,POP,,PS,,_T,,Y55T59,,H,,2024,,1370041,,A,,0,,0,
DATAFLOW,OECD.ELS.SAE:DSD_POPULATION@DF_POP_HIST(1.0),,I,ROU,,POP,,PS,,_T,,Y20T24,,H,,2024,,998380,,A,,0,,0,
DATAFLOW,OECD.ELS.SAE:DSD_POPULATION@DF_POP_HIST(1.0),,I,ROU,,POP,,PS,,_T,,Y15T19,,H,,2024,,1103604,,A,,0,,0,
DATAFLOW,OECD.ELS.SAE:DSD_POPULATION@DF_POP_HIST(1.0),,I,ROU,,POP,,PS,,_T,,Y70T74,,H,,2024,,1061647,,A,,0,,0,
DATAFLOW,OECD.ELS.SAE:DSD_POPULATION@DF_POP_HIST(1.0),,I,ROU,,POP,,PS,,_T,,Y65T69,,H,,2024,,1244978,,A,,0,,0,
DATAFLOW,OECD.ELS.SAE:DSD_POPULATION@DF_POP_HIST(1.0),,I,ROU,,POP,,PS,,_T,,Y5T9,,H,,2024,,1048515,,A,,0,,0,
DATAFLOW,OECD.ELS.SAE:DSD_POPULATION@DF_POP_HIST(1.0),,I,ROU,,POP,,PS,,_T,,Y40T44,,H,,2024,,1318797,,A,,0,,0,
DATAFLOW,OECD.ELS.SAE:DSD_POPULATION@DF_POP_HIST(1.0),,I,ROU,,POP,,PS,,_T,,_T,,H,,2024,,19070966,,A,,0,,0,
DATAFLOW,OECD.ELS.SAE:DSD_POPULATION@DF_POP_HIST(1.0),,I,ROU,,POP,,PS,,_T,,Y75T79,,H,,2024,,690753,,A,,0,,0,
DATAFLOW,OECD.ELS.SAE:DSD_POPULATION@DF_POP_HIST(1.0),,I,ROU,,POP,,PS,,_T,,Y_GE65,,H,,2024,,3839262,,A,,0,,0,
DATAFLOW,OECD.ELS.SAE:DSD_POPULATION@DF_POP_HIST(1.0),,I,ROU,,POP,,PS,,_T,,Y15T64,,H,,2024,,12219665,,A,,0,,0,
DATAFLOW,OECD.ELS.SAE:DSD_POPULATION@DF_POP_HIST(1.0),,I,ROU,,POP,,PS,,_T,,Y50T54,,H,,2024,,1457207,,A,,0,,0,
DATAFLOW,OECD.ELS.SAE:DSD_POPULATION@DF_POP_HIST(1.0),,I,ROU,,POP,,PS,,_T,,Y25T29,,H,,2024,,975903,,A,,0,,0,
DATAFLOW,OECD.ELS.SAE:DSD_POPULATION@DF_POP_HIST(1.0),,I,ROU,,POP,,PS,,_T,,Y80T84,,H,,2024,,443393,,A,,0,,0,
DATAFLOW,OECD.ELS.SAE:DSD_POPULATION@DF_POP_HIST(1.0),,I,ROU,,POP,,PS,,_T,,Y60T64,,H,,2024,,1054212,,A,,0,,0,
DATAFLOW,OECD.ELS.SAE:DSD_POPULATION@DF_POP_HIST(1.0),,I,ROU,,POP,,PS,,_T,,Y20T64,,H,,2024,,11116061,,A,,0,,0,
DATAFLOW,OECD.ELS.SAE:DSD_POPULATION@DF_POP_HIST(1.0),,I,RUS,,POP,,PS,,_T,,Y15T19,,H,,2024,,7966422,,A,,0,,0,
DATAFLOW,OECD.ELS.SAE:DSD_POPULATION@DF_POP_HIST(1.0),,I,RUS,,POP,,PS,,_T,,Y_GE85,,H,,2024,,2416508,,A,,0,,0,
DATAFLOW,OECD.ELS.SAE:DSD_POPULATION@DF_POP_HIST(1.0),,I,RUS,,POP,,PS,,_T,,Y_GE65,,H,,2024,,25376467,,A,,0,,0,
DATAFLOW,OECD.ELS.SAE:DSD_POPULATION@DF_POP_HIST(1.0),,I,RUS,,POP,,PS,,_T,,Y15T64,,H,,2024,,95689086,,A,,0,,0,
DATAFLOW,OECD.ELS.SAE:DSD_POPULATION@DF_POP_HIST(1.0),,I,RUS,,POP,,PS,,_T,,Y_LE4,,H,,2024,,6712750,,A,,0,,0,
DATAFLOW,OECD.ELS.SAE:DSD_POPULATION@DF_POP_HIST(1.0),,I,RUS,,POP,,PS,,_T,,Y25T29,,H,,2024,,7331026,,A,,0,,0,
DATAFLOW,OECD.ELS.SAE:DSD_POPULATION@DF_POP_HIST(1.0),,I,RUS,,POP,,PS,,_T,,Y5T9,,H,,2024,,8854567,,A,,0,,0,
DATAFLOW,OECD.ELS.SAE:DSD_POPULATION@DF_POP_HIST(1.0),,I,RUS,,POP,,PS,,_T,,Y50T54,,H,,2024,,9474665,,A,,0,,0,
DATAFLOW,OECD.ELS.SAE:DSD_POPULATION@DF_POP_HIST(1.0),,I,RUS,,POP,,PS,,_T,,Y75T79,,H,,2024,,4133229,,A,,0,,0,
DATAFLOW,OECD.ELS.SAE:DSD_POPULATION@DF_POP_HIST(1.0),,I,RUS,,POP,,PS,,_T,,Y65T69,,H,,2024,,9268541,,A,,0,,0,
DATAFLOW,OECD.ELS.SAE:DSD_POPULATION@DF_POP_HIST(1.0),,I,RUS,,POP,,PS,,_T,,Y60T64,,H,,2024,,9952802,,A,,0,,0,
DATAFLOW,OECD.ELS.SAE:DSD_POPULATION@DF_POP_HIST(1.0),,I,RUS,,POP,,PS,,_T,,Y45T49,,H,,2024,,10556884,,A,,0,,0,
DATAFLOW,OECD.ELS.SAE:DSD_POPULATION@DF_POP_HIST(1.0),,I,RUS,,POP,,PS,,_T,,Y30T34,,H,,2024,,9670078,,A,,0,,0,
DATAFLOW,OECD.ELS.SAE:DSD_POPULATION@DF_POP_HIST(1.0),,I,RUS,,POP,,PS,,_T,,Y80T84,,H,,2024,,2337222,,A,,0,,0,
DATAFLOW,OECD.ELS.SAE:DSD_POPULATION@DF_POP_HIST(1.0),,I,RUS,,POP,,PS,,_T,,Y_GE50,,H,,2024,,53444461,,A,,0,,0,
DATAFLOW,OECD.ELS.SAE:DSD_POPULATION@DF_POP_HIST(1.0),,I,RUS,,POP,,PS,,_T,,Y40T44,,H,,2024,,11850612,,A,,0,,0,
DATAFLOW,OECD.ELS.SAE:DSD_POPULATION@DF_POP_HIST(1.0),,I,RUS,,POP,,PS,,_T,,Y20T24,,H,,2024,,7483720,,A,,0,,0,
DATAFLOW,OECD.ELS.SAE:DSD_POPULATION@DF_POP_HIST(1.0),,I,RUS,,POP,,PS,,_T,,Y10T14,,H,,2024,,9294433,,A,,0,,0,
DATAFLOW,OECD.ELS.SAE:DSD_POPULATION@DF_POP_HIST(1.0),,I,RUS,,POP,,PS,,_T,,_T,,H,,2024,,145927303,,A,,0,,0,
DATAFLOW,OECD.ELS.SAE:DSD_POPULATION@DF_POP_HIST(1.0),,I,RUS,,POP,,PS,,_T,,Y20T64,,H,,2024,,87722664,,A,,0,,0,
DATAFLOW,OECD.ELS.SAE:DSD_POPULATION@DF_POP_HIST(1.0),,I,RUS,,POP,,PS,,_T,,Y_LT20,,H,,2024,,32828172,,A,,0,,0,
DATAFLOW,OECD.ELS.SAE:DSD_POPULATION@DF_POP_HIST(1.0),,I,RUS,,POP,,PS,,_T,,Y70T74,,H,,2024,,7220967,,A,,0,,0,
DATAFLOW,OECD.ELS.SAE:DSD_POPULATION@DF_POP_HIST(1.0),,I,RUS,,POP,,PS,,_T,,Y35T39,,H,,2024,,12762350,,A,,0,,0,
DATAFLOW,OECD.ELS.SAE:DSD_POPULATION@DF_POP_HIST(1.0),,I,SAU,,POP,,PS,,_T,,Y_GE85,,H,,2024,,75583,,A,,0,,0,
DATAFLOW,OECD.ELS.SAE:DSD_POPULATION@DF_POP_HIST(1.0),,I,SAU,,POP,,PS,,_T,,Y70T74,,H,,2024,,239616,,A,,0,,0,
DATAFLOW,OECD.ELS.SAE:DSD_POPULATION@DF_POP_HIST(1.0),,I,SAU,,POP,,PS,,_T,,Y15T64,,H,,2024,,26386851,,A,,0,,0,
DATAFLOW,OECD.ELS.SAE:DSD_POPULATION@DF_POP_HIST(1.0),,I,SAU,,POP,,PS,,_T,,Y75T79,,H,,2024,,141769,,A,,0,,0,
DATAFLOW,OECD.ELS.SAE:DSD_POPULATION@DF_POP_HIST(1.0),,I,SAU,,POP,,PS,,_T,,Y30T34,,H,,2024,,4181245,,A,,0,,0,
DATAFLOW,OECD.ELS.SAE:DSD_POPULATION@DF_POP_HIST(1.0),,I,SAU,,POP,,PS,,_T,,Y80T84,,H,,2024,,92427,,A,,0,,0,
DATAFLOW,OECD.ELS.SAE:DSD_POPULATION@DF_POP_HIST(1.0),,I,SAU,,POP,,PS,,_T,,Y45T49,,H,,2024,,2127691,,A,,0,,0,
DATAFLOW,OECD.ELS.SAE:DSD_POPULATION@DF_POP_HIST(1.0),,I,SAU,,POP,,PS,,_T,,Y10T14,,H,,2024,,2640883,,A,,0,,0,
DATAFLOW,OECD.ELS.SAE:DSD_POPULATION@DF_POP_HIST(1.0),,I,SAU,,POP,,PS,,_T,,Y65T69,,H,,2024,,437110,,A,,0,,0,
DATAFLOW,OECD.ELS.SAE:DSD_POPULATION@DF_POP_HIST(1.0),,I,SAU,,POP,,PS,,_T,,Y20T64,,H,,2024,,24050719,,A,,0,,0,
DATAFLOW,OECD.ELS.SAE:DSD_POPULATION@DF_POP_HIST(1.0),,I,SAU,,POP,,PS,,_T,,Y50T54,,H,,2024,,1500046,,A,,0,,0,
DATAFLOW,OECD.ELS.SAE:DSD_POPULATION@DF_POP_HIST(1.0),,I,SAU,,POP,,PS,,_T,,_T,,H,,2024,,35300280,,A,,0,,0,
DATAFLOW,OECD.ELS.SAE:DSD_POPULATION@DF_POP_HIST(1.0),,I,SAU,,POP,,PS,,_T,,Y55T59,,H,,2024,,1101863,,A,,0,,0,
DATAFLOW,OECD.ELS.SAE:DSD_POPULATION@DF_POP_HIST(1.0),,I,SAU,,POP,,PS,,_T,,Y20T24,,H,,2024,,3048353,,A,,0,,0,
DATAFLOW,OECD.ELS.SAE:DSD_POPULATION@DF_POP_HIST(1.0),,I,SAU,,POP,,PS,,_T,,Y5T9,,H,,2024,,2780852,,A,,0,,0,
DATAFLOW,OECD.ELS.SAE:DSD_POPULATION@DF_POP_HIST(1.0),,I,SAU,,POP,,PS,,_T,,Y40T44,,H,,2024,,3141979,,A,,0,,0,
DATAFLOW,OECD.ELS.SAE:DSD_POPULATION@DF_POP_HIST(1.0),,I,SAU,,POP,,PS,,_T,,Y35T39,,H,,2024,,4047863,,A,,0,,0,
DATAFLOW,OECD.ELS.SAE:DSD_POPULATION@DF_POP_HIST(1.0),,I,SAU,,POP,,PS,,_T,,Y_LT20,,H,,2024,,10263056,,A,,0,,0,
DATAFLOW,OECD.ELS.SAE:DSD_POPULATION@DF_POP_HIST(1.0),,I,SAU,,POP,,PS,,_T,,Y_LE4,,H,,2024,,2505189,,A,,0,,0,
DATAFLOW,OECD.ELS.SAE:DSD_POPULATION@DF_POP_HIST(1.0),,I,SAU,,POP,,PS,,_T,,Y25T29,,H,,2024,,4188492,,A,,0,,0,
DATAFLOW,OECD.ELS.SAE:DSD_POPULATION@DF_POP_HIST(1.0),,I,SAU,,POP,,PS,,_T,,Y15T19,,H,,2024,,2336132,,A,,0,,0,
DATAFLOW,OECD.ELS.SAE:DSD_POPULATION@DF_POP_HIST(1.0),,I,SAU,,POP,,PS,,_T,,Y_GE50,,H,,2024,,4301601,,A,,0,,0,
DATAFLOW,OECD.ELS.SAE:DSD_POPULATION@DF_POP_HIST(1.0),,I,SAU,,POP,,PS,,_T,,Y_GE65,,H,,2024,,986505,,A,,0,,0,
DATAFLOW,OECD.ELS.SAE:DSD_POPULATION@DF_POP_HIST(1.0),,I,SGP,,POP,,PS,,_T,,Y_LE4,,H,,2024,,170496,,A,,0,,0,
DATAFLOW,OECD.ELS.SAE:DSD_POPULATION@DF_POP_HIST(1.0),,I,SGP,,POP,,PS,,_T,,Y40T44,,H,,2024,,310259,,A,,0,,0,
DATAFLOW,OECD.ELS.SAE:DSD_POPULATION@DF_POP_HIST(1.0),,I,SGP,,POP,,PS,,_T,,Y60T64,,H,,2024,,296643,,A,,0,,0,
DATAFLOW,OECD.ELS.SAE:DSD_POPULATION@DF_POP_HIST(1.0),,I,SGP,,POP,,PS,,_T,,Y_GE50,,H,,2024,,1652108,,A,,0,,0,
DATAFLOW,OECD.ELS.SAE:DSD_POPULATION@DF_POP_HIST(1.0),,I,SGP,,POP,,PS,,_T,,Y65T69,,H,,2024,,266169,,A,,0,,0,
DATAFLOW,OECD.ELS.SAE:DSD_POPULATION@DF_POP_HIST(1.0),,I,SGP,,POP,,PS,,_T,,Y25T29,,H,,2024,,269536,,A,,0,,0,
DATAFLOW,OECD.ELS.SAE:DSD_POPULATION@DF_POP_HIST(1.0),,I,SGP,,POP,,PS,,_T,,Y20T64,,H,,2024,,2638927,,A,,0,,0,
DATAFLOW,OECD.ELS.SAE:DSD_POPULATION@DF_POP_HIST(1.0),,I,SGP,,POP,,PS,,_T,,Y15T64,,H,,2024,,2849994,,A,,0,,0,
DATAFLOW,OECD.ELS.SAE:DSD_POPULATION@DF_POP_HIST(1.0),,I,SGP,,POP,,PS,,_T,,Y_GE85,,H,,2024,,69061,,A,,0,,0,
DATAFLOW,OECD.ELS.SAE:DSD_POPULATION@DF_POP_HIST(1.0),,I,SGP,,POP,,PS,,_T,,Y35T39,,H,,2024,,314575,,A,,0,,0,
DATAFLOW,OECD.ELS.SAE:DSD_POPULATION@DF_POP_HIST(1.0),,I,SGP,,POP,,PS,,_T,,Y_GE65,,H,,2024,,753905,,A,,0,,0,
DATAFLOW,OECD.ELS.SAE:DSD_POPULATION@DF_POP_HIST(1.0),,I,SGP,,POP,,PS,,_T,,Y75T79,,H,,2024,,134612,,A,,0,,0,
DATAFLOW,OECD.ELS.SAE:DSD_POPULATION@DF_POP_HIST(1.0),,I,SGP,,POP,,PS,,_T,,Y10T14,,H,,2024,,204391,,A,,0,,0,
DATAFLOW,OECD.ELS.SAE:DSD_POPULATION@DF_POP_HIST(1.0),,I,SGP,,POP,,PS,,_T,,Y80T84,,H,,2024,,77542,,A,,0,,0,
DATAFLOW,OECD.ELS.SAE:DSD_POPULATION@DF_POP_HIST(1.0),,I,SGP,,POP,,PS,,_T,,Y_LT20,,H,,2024,,788036,,A,,0,,0,
DATAFLOW,OECD.ELS.SAE:DSD_POPULATION@DF_POP_HIST(1.0),,I,SGP,,POP,,PS,,_T,,Y30T34,,H,,2024,,320486,,A,,0,,0,
DATAFLOW,OECD.ELS.SAE:DSD_POPULATION@DF_POP_HIST(1.0),,I,SGP,,POP,,PS,,_T,,Y15T19,,H,,2024,,211067,,A,,0,,0,
DATAFLOW,OECD.ELS.SAE:DSD_POPULATION@DF_POP_HIST(1.0),,I,SGP,,POP,,PS,,_T,,Y55T59,,H,,2024,,294228,,A,,0,,0,
DATAFLOW,OECD.ELS.SAE:DSD_POPULATION@DF_POP_HIST(1.0),,I,SGP,,POP,,PS,,_T,,Y50T54,,H,,2024,,307332,,A,,0,,0,
DATAFLOW,OECD.ELS.SAE:DSD_POPULATION@DF_POP_HIST(1.0),,I,SGP,,POP,,PS,,_T,,Y70T74,,H,,2024,,206521,,A,,0,,0,
DATAFLOW,OECD.ELS.SAE:DSD_POPULATION@DF_POP_HIST(1.0),,I,SGP,,POP,,PS,,_T,,Y20T24,,H,,2024,,224644,,A,,0,,0,
DATAFLOW,OECD.ELS.SAE:DSD_POPULATION@DF_POP_HIST(1.0),,I,SGP,,POP,,PS,,_T,,Y45T49,,H,,2024,,301224,,A,,0,,0,
DATAFLOW,OECD.ELS.SAE:DSD_POPULATION@DF_POP_HIST(1.0),,I,SGP,,POP,,PS,,_T,,_T,,H,,2024,,4180868,,A,,0,,0,
DATAFLOW,OECD.ELS.SAE:DSD_POPULATION@DF_POP_HIST(1.0),,I,ZAF,,POP,,PS,,_T,,Y15T19,,H,,2024,,5486444,,A,,0,,0,
DATAFLOW,OECD.ELS.SAE:DSD_POPULATION@DF_POP_HIST(1.0),,I,ZAF,,POP,,PS,,_T,,Y_GE65,,H,,2024,,4132126,,A,,0,,0,
DATAFLOW,OECD.ELS.SAE:DSD_POPULATION@DF_POP_HIST(1.0),,I,ZAF,,POP,,PS,,_T,,Y25T29,,H,,2024,,5052182,,A,,0,,0,
DATAFLOW,OECD.ELS.SAE:DSD_POPULATION@DF_POP_HIST(1.0),,I,ZAF,,POP,,PS,,_T,,Y15T64,,H,,2024,,41556419,,A,,0,,0,
DATAFLOW,OECD.ELS.SAE:DSD_POPULATION@DF_POP_HIST(1.0),,I,ZAF,,POP,,PS,,_T,,Y80T84,,H,,2024,,337802,,A,,0,,0,
DATAFLOW,OECD.ELS.SAE:DSD_POPULATION@DF_POP_HIST(1.0),,I,ZAF,,POP,,PS,,_T,,_T,,H,,2024,,63015904,,A,,0,,0,
DATAFLOW,OECD.ELS.SAE:DSD_POPULATION@DF_POP_HIST(1.0),,I,ZAF,,POP,,PS,,_T,,Y20T64,,H,,2024,,36069975,,A,,0,,0,
DATAFLOW,OECD.ELS.SAE:DSD_POPULATION@DF_POP_HIST(1.0),,I,ZAF,,POP,,PS,,_T,,Y50T54,,H,,2024,,2863937,,A,,0,,0,
DATAFLOW,OECD.ELS.SAE:DSD_POPULATION@DF_POP_HIST(1.0),,I,ZAF,,POP,,PS,,_T,,Y70T74,,H,,2024,,1157271,,A,,0,,0,
DATAFLOW,OECD.ELS.SAE:DSD_POPULATION@DF_POP_HIST(1.0),,I,ZAF,,POP,,PS,,_T,,Y60T64,,H,,2024,,2000708,,A,,0,,0,
DATAFLOW,OECD.ELS.SAE:DSD_POPULATION@DF_POP_HIST(1.0),,I,ZAF,,POP,,PS,,_T,,Y45T49,,H,,2024,,3462953,,A,,0,,0,
DATAFLOW,OECD.ELS.SAE:DSD_POPULATION@DF_POP_HIST(1.0),,I,ZAF,,POP,,PS,,_T,,Y35T39,,H,,2024,,5543860,,A,,0,,0,
DATAFLOW,OECD.ELS.SAE:DSD_POPULATION@DF_POP_HIST(1.0),,I,ZAF,,POP,,PS,,_T,,Y75T79,,H,,2024,,745537,,A,,0,,0,
DATAFLOW,OECD.ELS.SAE:DSD_POPULATION@DF_POP_HIST(1.0),,I,ZAF,,POP,,PS,,_T,,Y_GE50,,H,,2024,,11352405,,A,,0,,0,
DATAFLOW,OECD.ELS.SAE:DSD_POPULATION@DF_POP_HIST(1.0),,I,ZAF,,POP,,PS,,_T,,Y_GE85,,H,,2024,,316262,,A,,0,,0,
DATAFLOW,OECD.ELS.SAE:DSD_POPULATION@DF_POP_HIST(1.0),,I,ZAF,,POP,,PS,,_T,,Y20T24,,H,,2024,,4716632,,A,,0,,0,
DATAFLOW,OECD.ELS.SAE:DSD_POPULATION@DF_POP_HIST(1.0),,I,ZAF,,POP,,PS,,_T,,Y10T14,,H,,2024,,5762719,,A,,0,,0,
DATAFLOW,OECD.ELS.SAE:DSD_POPULATION@DF_POP_HIST(1.0),,I,ZAF,,POP,,PS,,_T,,Y_LT20,,H,,2024,,22813803,,A,,0,,0,
DATAFLOW,OECD.ELS.SAE:DSD_POPULATION@DF_POP_HIST(1.0),,I,ZAF,,POP,,PS,,_T,,Y30T34,,H,,2024,,5598266,,A,,0,,0,
DATAFLOW,OECD.ELS.SAE:DSD_POPULATION@DF_POP_HIST(1.0),,I,ZAF,,POP,,PS,,_T,,Y5T9,,H,,2024,,5603507,,A,,0,,0,
DATAFLOW,OECD.ELS.SAE:DSD_POPULATION@DF_POP_HIST(1.0),,I,ZAF,,POP,,PS,,_T,,Y55T59,,H,,2024,,2355634,,A,,0,,0,
DATAFLOW,OECD.ELS.SAE:DSD_POPULATION@DF_POP_HIST(1.0),,I,ZAF,,POP,,PS,,_T,,Y65T69,,H,,2024,,1575254,,A,,0,,0,
DATAFLOW,OECD.ELS.SAE:DSD_POPULATION@DF_POP_HIST(1.0),,I,ZAF,,POP,,PS,,_T,,Y40T44,,H,,2024,,4475803,,A,,0,,0,
DATAFLOW,OECD.ELS.SAE:DSD_POPULATION@DF_POP_HIST(1.0),,I,W,,POP,,PS,,_T,,Y_GE50,,H,,2024,,2067410000,,A,,0,,0,
DATAFLOW,OECD.ELS.SAE:DSD_POPULATION@DF_POP_HIST(1.0),,I,W,,POP,,PS,,_T,,Y65T69,,H,,2024,,292539280,,A,,0,,0,
DATAFLOW,OECD.ELS.SAE:DSD_POPULATION@DF_POP_HIST(1.0),,I,W,,POP,,PS,,_T,,Y_GE85,,H,,2024,,73924738,,A,,0,,0,
DATAFLOW,OECD.ELS.SAE:DSD_POPULATION@DF_POP_HIST(1.0),,I,W,,POP,,PS,,_T,,Y40T44,,H,,2024,,534171887,,A,,0,,0,
DATAFLOW,OECD.ELS.SAE:DSD_POPULATION@DF_POP_HIST(1.0),,I,W,,POP,,PS,,_T,,Y_LE4,,H,,2024,,647339939,,A,,0,,0,
DATAFLOW,OECD.ELS.SAE:DSD_POPULATION@DF_POP_HIST(1.0),,I,W,,POP,,PS,,_T,,Y30T34,,H,,2024,,604687822,,A,,0,,0,
DATAFLOW,OECD.ELS.SAE:DSD_POPULATION@DF_POP_HIST(1.0),,I,W,,POP,,PS,,_T,,Y20T24,,H,,2024,,619422582,,A,,0,,0,
DATAFLOW,OECD.ELS.SAE:DSD_POPULATION@DF_POP_HIST(1.0),,I,W,,POP,,PS,,_T,,Y75T79,,H,,2024,,148788786,,A,,0,,0,
DATAFLOW,OECD.ELS.SAE:DSD_POPULATION@DF_POP_HIST(1.0),,I,W,,POP,,PS,,_T,,Y60T64,,H,,2024,,351517770,,A,,0,,0,
DATAFLOW,OECD.ELS.SAE:DSD_POPULATION@DF_POP_HIST(1.0),,I,W,,POP,,PS,,_T,,Y80T84,,H,,2024,,90179973,,A,,0,,0,
DATAFLOW,OECD.ELS.SAE:DSD_POPULATION@DF_POP_HIST(1.0),,I,W,,POP,,PS,,_T,,Y50T54,,H,,2024,,463440016,,A,,0,,0,
DATAFLOW,OECD.ELS.SAE:DSD_POPULATION@DF_POP_HIST(1.0),,I,W,,POP,,PS,,_T,,Y20T64,,H,,2024,,4660550000,,A,,0,,0,
DATAFLOW,OECD.ELS.SAE:DSD_POPULATION@DF_POP_HIST(1.0),,I,W,,POP,,PS,,_T,,Y_GE65,,H,,2024,,833480764,,A,,0,,0,
DATAFLOW,OECD.ELS.SAE:DSD_POPULATION@DF_POP_HIST(1.0),,I,W,,POP,,PS,,_T,,Y25T29,,H,,2024,,600318789,,A,,0,,0,
DATAFLOW,OECD.ELS.SAE:DSD_POPULATION@DF_POP_HIST(1.0),,I,W,,POP,,PS,,_T,,Y15T64,,H,,2024,,5311690000,,A,,0,,0,
DATAFLOW,OECD.ELS.SAE:DSD_POPULATION@DF_POP_HIST(1.0),,I,W,,POP,,PS,,_T,,Y45T49,,H,,2024,,476849909,,A,,0,,0,
DATAFLOW,OECD.ELS.SAE:DSD_POPULATION@DF_POP_HIST(1.0),,I,W,,POP,,PS,,_T,,Y55T59,,H,,2024,,418972594,,A,,0,,0,
DATAFLOW,OECD.ELS.SAE:DSD_POPULATION@DF_POP_HIST(1.0),,I,W,,POP,,PS,,_T,,Y_LT20,,H,,2024,,2667940000,,A,,0,,0,
DATAFLOW,OECD.ELS.SAE:DSD_POPULATION@DF_POP_HIST(1.0),,I,W,,POP,,PS,,_T,,Y5T9,,H,,2024,,684112140,,A,,0,,0,
DATAFLOW,OECD.ELS.SAE:DSD_POPULATION@DF_POP_HIST(1.0),,I,W,,POP,,PS,,_T,,Y15T19,,H,,2024,,651140903,,A,,0,,0,
DATAFLOW,OECD.ELS.SAE:DSD_POPULATION@DF_POP_HIST(1.0),,I,W,,POP,,PS,,_T,,Y35T39,,H,,2024,,591168802,,A,,0,,0,
DATAFLOW,OECD.ELS.SAE:DSD_POPULATION@DF_POP_HIST(1.0),,I,W,,POP,,PS,,_T,,_T,,H,,2024,,8161970000,,A,,0,,0,
DATAFLOW,OECD.ELS.SAE:DSD_POPULATION@DF_POP_HIST(1.0),,I,W,,POP,,PS,,_T,,Y70T74,,H,,2024,,228047989,,A,,0,,0,
DATAFLOW,OECD.ELS.SAE:DSD_POPULATION@DF_POP_HIST(1.0),,I,AUS,,POP,,PS,,_T,,Y60T64,,H,,2024,,1534415,,A,,0,,0,
DATAFLOW,OECD.ELS.SAE:DSD_POPULATION@DF_POP_HIST(1.0),,I,AUT,,POP,,PS,,_T,,Y50T54,,H,,2024,,638567,,A,,0,,0,
DATAFLOW,OECD.ELS.SAE:DSD_POPULATION@DF_POP_HIST(1.0),,I,BEL,,POP,,PS,,_T,,Y65T69,,H,,2024,,676795,,A,,0,,0,
DATAFLOW,OECD.ELS.SAE:DSD_POPULATION@DF_POP_HIST(1.0),,I,CAN,,POP,,PS,,_T,,Y25T29,,H,,2024,,3042351,,A,,0,,0,
DATAFLOW,OECD.ELS.SAE:DSD_POPULATION@DF_POP_HIST(1.0),,I,CHL,,POP,,PS,,_T,,Y_LE4,,H,,2024,,1184081,,A,,0,,0,
DATAFLOW,OECD.ELS.SAE:DSD_POPULATION@DF_POP_HIST(1.0),,I,COL,,POP,,PS,,_T,,Y55T59,,H,,2024,,2770823,,A,,0,,0,
DATAFLOW,OECD.ELS.SAE:DSD_POPULATION@DF_POP_HIST(1.0),,I,CRI,,POP,,PS,,_T,,Y_GE65,,H,,2024,,576017.26,,A,,0,,0,
DATAFLOW,OECD.ELS.SAE:DSD_POPULATION@DF_POP_HIST(1.0),,I,CZE,,POP,,PS,,_T,,Y_LE4,,H,,2024,,524806,,A,,0,,0,
DATAFLOW,OECD.ELS.SAE:DSD_POPULATION@DF_POP_HIST(1.0),,I,DNK,,POP,,PS,,_T,,Y20T24,,H,,2024,,373601,,A,,0,,0,
DATAFLOW,OECD.ELS.SAE:DSD_POPULATION@DF_POP_HIST(1.0),,I,EST,,POP,,PS,,_T,,Y35T39,,H,,2024,,108367,,A,,0,,0,
DATAFLOW,OECD.ELS.SAE:DSD_POPULATION@DF_POP_HIST(1.0),,I,FIN,,POP,,PS,,_T,,Y10T14,,H,,2024,,318010,,A,,0,,0,
DATAFLOW,OECD.ELS.SAE:DSD_POPULATION@DF_POP_HIST(1.0),,I,FRA,,POP,,PS,,_T,,Y25T29,,H,,2024,,3865315,,A,,0,,0,
DATAFLOW,OECD.ELS.SAE:DSD_POPULATION@DF_POP_HIST(1.0),,I,DEU,,POP,,PS,,_T,,Y65T69,,H,,2024,,5252624,,A,,0,,0,
DATAFLOW,OECD.ELS.SAE:DSD_POPULATION@DF_POP_HIST(1.0),,I,GRC,,POP,,PS,,_T,,Y5T9,,H,,2024,,445590,,A,,0,,0,
DATAFLOW,OECD.ELS.SAE:DSD_POPULATION@DF_POP_HIST(1.0),,I,HUN,,POP,,PS,,_T,,_T,,H,,2024,,9575754,,A,,0,,0,
DATAFLOW,OECD.ELS.SAE:DSD_POPULATION@DF_POP_HIST(1.0),,I,ISL,,POP,,PS,,_T,,Y35T39,,H,,2024,,27846,,A,,0,,0,
DATAFLOW,OECD.ELS.SAE:DSD_POPULATION@DF_POP_HIST(1.0),,I,IRL,,POP,,PS,,_T,,Y55T59,,H,,2024,,322379,,A,,0,,0,
DATAFLOW,OECD.ELS.SAE:DSD_POPULATION@DF_POP_HIST(1.0),,I,ISR,,POP,,PS,,_T,,Y15T64,,H,,2024,,5744668,,A,,0,,0,
DATAFLOW,OECD.ELS.SAE:DSD_POPULATION@DF_POP_HIST(1.0),,I,ITA,,POP,,PS,,_T,,Y_GE50,,H,,2024,,28425653,,A,,0,,0,
DATAFLOW,OECD.ELS.SAE:DSD_POPULATION@DF_POP_HIST(1.0),,I,JPN,,POP,,PS,,_T,,Y30T34,,H,,2024,,6395375,,A,,0,,0,
DATAFLOW,OECD.ELS.SAE:DSD_POPULATION@DF_POP_HIST(1.0),,I,KOR,,POP,,PS,,_T,,Y80T84,,H,,2024,,1322888,,A,,0,,0,
DATAFLOW,OECD.ELS.SAE:DSD_POPULATION@DF_POP_HIST(1.0),,I,LVA,,POP,,PS,,_T,,Y_GE85,,H,,2024,,52805,,A,,0,,0,
DATAFLOW,OECD.ELS.SAE:DSD_POPULATION@DF_POP_HIST(1.0),,I,LTU,,POP,,PS,,_T,,Y35T39,,H,,2024,,220152,,A,,0,,0,
DATAFLOW,OECD.ELS.SAE:DSD_POPULATION@DF_POP_HIST(1.0),,I,LUX,,POP,,PS,,_T,,Y_LT20,,H,,2024,,141717,,A,,0,,0,
DATAFLOW,OECD.ELS.SAE:DSD_POPULATION@DF_POP_HIST(1.0),,I,MEX,,POP,,PS,,_T,,Y35T39,,H,,2024,,9596725,,A,,0,,0,
DATAFLOW,OECD.ELS.SAE:DSD_POPULATION@DF_POP_HIST(1.0),,I,NLD,,POP,,PS,,_T,,Y60T64,,H,,2024,,1211123,,A,,0,,0,
DATAFLOW,OECD.ELS.SAE:DSD_POPULATION@DF_POP_HIST(1.0),,I,NZL,,POP,,PS,,_T,,Y30T34,,H,,2024,,409010,,A,,0,,0,
DATAFLOW,OECD.ELS.SAE:DSD_POPULATION@DF_POP_HIST(1.0),,I,NOR,,POP,,PS,,_T,,Y10T14,,H,,2024,,328686,,A,,0,,0,
DATAFLOW,OECD.ELS.SAE:DSD_POPULATION@DF_POP_HIST(1.0),,I,POL,,POP,,PS,,_T,,Y30T34,,H,,2024,,2530778,,A,,0,,0,
DATAFLOW,OECD.ELS.SAE:DSD_POPULATION@DF_POP_HIST(1.0),,I,PRT,,POP,,PS,,_T,,Y15T19,,H,,2024,,528583,,A,,0,,0,
DATAFLOW,OECD.ELS.SAE:DSD_POPULATION@DF_POP_HIST(1.0),,I,SVK,,POP,,PS,,_T,,Y70T74,,H,,2024,,287898,,A,,0,,0,
DATAFLOW,OECD.ELS.SAE:DSD_POPULATION@DF_POP_HIST(1.0),,I,SVN,,POP,,PS,,_T,,Y_LT20,,H,,2024,,416700,,A,,0,,0,
DATAFLOW,OECD.ELS.SAE:DSD_POPULATION@DF_POP_HIST(1.0),,I,ESP,,POP,,PS,,_T,,Y60T64,,H,,2024,,3280549,,A,,0,,0,
DATAFLOW,OECD.ELS.SAE:DSD_POPULATION@DF_POP_HIST(1.0),,I,SWE,,POP,,PS,,_T,,Y10T14,,H,,2024,,630893,,A,,0,,0,
DATAFLOW,OECD.ELS.SAE:DSD_POPULATION@DF_POP_HIST(1.0),,I,CHE,,POP,,PS,,_T,,Y40T44,,H,,2024,,645857,,A,,0,,0,
DATAFLOW,OECD.ELS.SAE:DSD_POPULATION@DF_POP_HIST(1.0),,I,TUR,,POP,,PS,,_T,,Y60T64,,H,,2024,,4134447,,A,,0,,0,
DATAFLOW,OECD.ELS.SAE:DSD_POPULATION@DF_POP_HIST(1.0),,I,GBR,,POP,,PS,,_T,,_T,,H,,2024,,69517207,,A,,0,,0,
DATAFLOW,OECD.ELS.SAE:DSD_POPULATION@DF_POP_HIST(1.0),,I,USA,,POP,,PS,,_T,,Y30T34,,H,,2024,,23528875,,A,,0,,0,
DATAFLOW,OECD.ELS.SAE:DSD_POPULATION@DF_POP_HIST(1.0),,I,G20,,POP,,PS,,_T,,Y70T74,,H,,2024,,175952152,,A,,0,,0,
DATAFLOW,OECD.ELS.SAE:DSD_POPULATION@DF_POP_HIST(1.0),,I,EU27,,POP,,PS,,_T,,Y30T34,,H,,2024,,27753367,,A,,0,,0,
DATAFLOW,OECD.ELS.SAE:DSD_POPULATION@DF_POP_HIST(1.0),,I,OECD,,POP,,PS,,_T,,Y75T79,,H,,2024,,51061797,,A,,0,,0,
DATAFLOW,OECD.ELS.SAE:DSD_POPULATION@DF_POP_HIST(1.0),,I,ARG,,POP,,PS,,_T,,Y_GE50,,H,,2024,,12419538,,A,,0,,0,
DATAFLOW,OECD.ELS.SAE:DSD_POPULATION@DF_POP_HIST(1.0),,I,BRA,,POP,,PS,,_T,,Y50T54,,H,,2024,,13128538,,A,,0,,0,
DATAFLOW,OECD.ELS.SAE:DSD_POPULATION@DF_POP_HIST(1.0),,I,BGR,,POP,,PS,,_T,,Y30T34,,H,,2024,,353312,,A,,0,,0,
DATAFLOW,OECD.ELS.SAE:DSD_POPULATION@DF_POP_HIST(1.0),,I,CHN,,POP,,PS,,_T,,Y70T74,,H,,2024,,62187884,,A,,0,,0,
DATAFLOW,OECD.ELS.SAE:DSD_POPULATION@DF_POP_HIST(1.0),,I,HRV,,POP,,PS,,_T,,Y15T64,,H,,2024,,2431600,,A,,0,,0,
DATAFLOW,OECD.ELS.SAE:DSD_POPULATION@DF_POP_HIST(1.0),,I,CYP,,POP,,PS,,_T,,Y_GE65,,H,,2024,,175248,,A,,0,,0,
DATAFLOW,OECD.ELS.SAE:DSD_POPULATION@DF_POP_HIST(1.0),,I,IND,,POP,,PS,,_T,,Y25T29,,H,,2024,,124470049,,A,,0,,0,
DATAFLOW,OECD.ELS.SAE:DSD_POPULATION@DF_POP_HIST(1.0),,I,IDN,,POP,,PS,,_T,,Y75T79,,H,,2024,,3241270,,A,,0,,0,
DATAFLOW,OECD.ELS.SAE:DSD_POPULATION@DF_POP_HIST(1.0),,I,MLT,,POP,,PS,,_T,,Y15T19,,H,,2024,,22817,,A,,0,,0,
DATAFLOW,OECD.ELS.SAE:DSD_POPULATION@DF_POP_HIST(1.0),,I,ROU,,POP,,PS,,_T,,Y35T39,,H,,2024,,1344413,,A,,0,,0,
DATAFLOW,OECD.ELS.SAE:DSD_POPULATION@DF_POP_HIST(1.0),,I,RUS,,POP,,PS,,_T,,Y55T59,,H,,2024,,8640527,,A,,0,,0,
DATAFLOW,OECD.ELS.SAE:DSD_POPULATION@DF_POP_HIST(1.0),,I,SAU,,POP,,PS,,_T,,Y60T64,,H,,2024,,713187,,A,,0,,0,
DATAFLOW,OECD.ELS.SAE:DSD_POPULATION@DF_POP_HIST(1.0),,I,SGP,,POP,,PS,,_T,,Y5T9,,H,,2024,,202082,,A,,0,,0,
DATAFLOW,OECD.ELS.SAE:DSD_POPULATION@DF_POP_HIST(1.0),,I,ZAF,,POP,,PS,,_T,,Y_LE4,,H,,2024,,5961133,,A,,0,,0,
DATAFLOW,OECD.ELS.SAE:DSD_POPULATION@DF_POP_HIST(1.0),,I,W,,POP,,PS,,_T,,Y10T14,,H,,2024,,685348660,,A,,0,,0,
